id,score_date,segment_smb,segment_non_smb,segment_commercial,segment_enterprise,segment_midmarket,region_emea,region_apac,region_latam,region_amer,customer_age_quarters,sales_assisted,legacy_flag,product_counts,billing_dunning_not_ok,crm_industry_current,crm_employee_range,crm_success_owner_change,csat_score,csat_response_rate,nps_score,nps_score_all_time,avg_nps_rating,avg_nps_rating_all_time,outreach_call_90dayflag,num_low_sev_outages,num_high_sev_outages,has_high_sev_outage,months_since_high_sev_outage,num_tickets_deflected,max_tickets_per_agent,current_arr,future_arr,arr_change,fx_impact,seat_change_arr,product_change_arr,discount_arr_usd,team_plus,pro_plus,ent_plus,discount_arr_usd_percentage,product_counts_percentage,total_pool_max_agents,max_seats,agent_utilization,is_provisioned_any_channel_M_before,max_seats_M_before,agent_utilization_increase,agent_utilization_decrease,seat_utilization,seat_utilization_M_before,seat_utilization_increase,seat_utilization_decrease,upsell_flag
JMAN_10059360,2023-02-03,0,1,0,0,0,1,0,0,0,10,1,0,1,0,Corporate Services,Oct-49,0,100,43,,-100.0,,5.0,1,8,0,0,3.0,2,1,7792.56,9929.4,1921.8,215.04,1921.71,0.0,0.0,1,1,1,100,100,0,4.0,0.0,4.0,4.0,0,1,1.0,1.0,0,0,1
JMAN_10069485,2023-03-03,1,0,0,0,0,0,0,0,1,15,1,0,3,0,Manufacturing & Resources,50 - 99,0,0,0,,,,,0,11,0,0,2.0,0,47,3528.0,3528.0,0.0,0.0,0.0,0.0,0.0,1,1,0,100,100,0,5.0,0.0,5.0,5.0,0,1,1.0,1.0,0,0,1
JMAN_10177857,2023-02-03,1,0,0,0,0,1,0,0,0,10,1,0,1,0,Consumer Services,50 - 99,0,100,40,0.0,0.0,7.0,7.0,0,9,1,1,0.0,0,1048,31572.84,32184.48,0.0,611.64,0.0,0.0,0.0,1,1,1,100,100,0,17.0,0.375,17.0,17.0,0,1,0.941176471,1.0,0,1,1
JMAN_10410810,2023-03-10,0,1,1,0,0,0,0,0,1,9,1,0,1,0,Corporate Services,250 - 499,0,0,0,,0.0,,7.0,1,10,0,0,2.0,53,20,45360.0,45360.0,0.0,0.0,0.0,0.0,0.0,1,1,1,100,100,0,30.0,0.0,8.0,21.0,0,1,0.266666667,0.380952381,0,1,1
JMAN_10429945,2023-02-17,0,1,1,0,0,0,1,0,0,6,1,0,1,0,Financial Services,250 - 499,0,100,14,,,,,0,8,0,0,11.0,4,940,182250.0,346500.0,164250.0,0.0,81774.31591,0.0,-42000.0,1,1,0,100,100,0,220.0,0.204545455,219.0,220.0,0,1,1.0,0.995454545,1,0,1
JMAN_10429945,2023-03-03,0,1,1,0,0,0,1,0,0,6,1,0,1,0,Financial Services,250 - 499,1,100,16,,,,,0,6,0,0,12.0,2,807,192000.0,346500.0,154500.0,0.0,73850.40287,0.0,-42000.0,1,1,0,100,100,0,230.0,0.239130435,220.0,220.0,0,1,1.0,1.0,0,0,1
JMAN_10442134,2023-03-31,0,1,0,1,0,0,0,0,1,8,1,0,1,0,Non-Profits & Associations,5000+,0,100,17,,,,,0,11,0,0,6.0,9,321,30507.84,30507.84,0.0,0.0,0.0,0.0,-693.36,1,1,0,90,100,0,22.0,0.1,20.0,22.0,0,1,0.909090909,0.909090909,0,0,1
JMAN_10473228,2023-01-20,1,0,0,0,0,0,0,0,1,8,1,0,1,0,Healthcare,100 - 249,0,100,19,,-100.0,,5.0,0,7,0,0,4.0,0,80,53608.44,66676.44,13068.0,0.0,12589.68969,0.0,-2227.56,1,1,0,100,100,0,46.0,0.022222222,45.0,46.0,0,1,0.97826087,0.97826087,0,0,1
JMAN_10473228,2023-01-27,1,0,0,0,0,0,0,0,1,9,1,0,1,0,Healthcare,100 - 249,0,100,19,,-100.0,,5.0,0,6,0,0,4.0,3,139,54796.44,66676.44,11880.0,0.0,11449.08458,0.0,-2227.56,1,1,0,100,100,0,47.0,0.0,45.0,46.0,0,1,0.978723404,0.97826087,1,0,1
JMAN_10473228,2023-03-24,1,0,0,0,0,0,0,0,1,9,1,0,1,0,Healthcare,100 - 249,0,100,19,,-100.0,,5.0,0,11,0,0,6.0,82,48,57172.44,66676.44,9504.0,0.0,9165.899582,0.0,-2227.56,1,1,0,100,100,0,48.0,0.043478261,47.0,48.0,0,1,0.958333333,0.979166667,0,1,1
JMAN_10473228,2023-03-31,1,0,0,0,0,0,0,0,1,9,1,0,1,0,Healthcare,100 - 249,0,100,19,,-100.0,,5.0,0,11,0,0,6.0,4,78,58360.44,66676.44,8316.0,0.0,8022.450782,0.0,-2227.56,1,1,0,100,100,0,50.0,0.020833333,47.0,48.0,0,1,0.96,0.979166667,0,1,1
JMAN_10487794,2023-02-03,0,1,0,0,0,1,0,0,0,9,1,0,2,1,Technology,Oct-49,0,0,0,,,,,0,8,0,0,3.0,0,166,59742.96,60900.24,0.0,1157.28,0.0,0.0,0.0,1,1,1,100,100,0,18.0,0.166666667,18.0,18.0,0,1,1.0,1.0,0,0,1
JMAN_10535735,2023-02-10,1,0,0,0,0,0,0,1,0,8,1,0,1,0,"Retail, Wholesale & Distribution",50 - 99,0,0,0,,0.0,,8.0,0,11,0,0,7.0,2,508,22500.0,22500.0,0.0,0.0,0.0,0.0,0.0,1,1,1,0,100,0,15.0,0.5,12.0,15.0,0,1,0.8,0.8,0,0,1
JMAN_10583513,2023-02-10,0,1,1,0,0,0,1,0,0,8,1,0,2,0,Corporate Services,250 - 499,0,83,42,-33.3,-33.3,3.0,3.0,0,1,0,0,2.0,28,4372,203700.48,201960.0,-1740.48,0.0,41580.0,-48000.0,-4679.52,1,1,0,100,100,0,135.0,0.307692308,130.0,130.0,0,1,0.962962963,1.0,0,1,1
JMAN_10583513,2023-03-17,0,1,1,0,0,0,1,0,0,8,1,0,2,0,Corporate Services,250 - 499,0,82,43,-100.0,-33.3,0.0,3.0,0,5,0,0,3.0,12,3731,221520.48,207900.0,-13620.48,0.0,29700.0,-48000.0,-4679.52,1,1,0,100,100,0,135.0,0.362962963,129.0,135.0,0,1,1.0,0.955555556,1,0,1
JMAN_10583513,2023-03-31,0,1,1,0,0,0,1,0,0,8,1,0,2,0,Corporate Services,250 - 499,0,82,42,-100.0,-33.3,0.0,3.0,0,2,0,0,3.0,8,3416,233400.48,207900.0,-25500.48,0.0,17820.0,-48000.0,-4679.52,1,1,0,100,100,0,150.0,0.32,134.0,135.0,0,1,1.0,0.992592593,1,0,1
JMAN_10670367,2023-02-17,0,1,0,0,0,0,0,0,1,8,1,0,1,0,"Retail, Wholesale & Distribution",Oct-49,0,100,27,,0.0,,8.0,0,0,0,0,16.0,332,161,32400.0,46124.76,13724.76,0.0,14400.0,0.0,0.0,1,1,1,100,100,0,18.0,0.333333333,12.0,12.0,0,1,0.666666667,1.0,0,1,1
JMAN_10670367,2023-02-24,0,1,0,0,0,0,0,0,1,8,1,0,1,0,"Retail, Wholesale & Distribution",Oct-49,0,100,11,,0.0,,8.0,0,0,0,0,16.0,401,178,34200.0,46124.76,11924.76,0.0,12600.0,0.0,0.0,1,1,1,100,100,0,18.0,0.235294118,12.0,12.0,0,1,0.944444444,1.0,0,1,1
JMAN_10670367,2023-03-31,0,1,0,0,0,0,0,0,1,8,1,0,1,0,"Retail, Wholesale & Distribution",Oct-49,0,100,11,,0.0,,8.0,0,0,0,0,17.0,355,253,36000.0,46124.76,10124.76,0.0,10800.0,0.0,0.0,1,1,1,100,100,0,19.0,0.105263158,18.0,19.0,0,1,1.0,0.947368421,1,0,1
JMAN_10744386,2023-02-03,1,0,0,0,0,1,0,0,0,8,1,0,1,0,Financial Services,100 - 249,0,0,0,,,,,0,9,1,1,0.0,20,67,900.0,917.52,0.0,17.52,0.0,0.0,0.0,1,1,0,100,100,0,1.0,1.0,1.0,1.0,0,0,1.0,1.0,0,0,1
JMAN_10929230,2023-03-24,0,1,0,0,0,1,0,0,0,7,0,0,1,0,Technology,01-Sep,0,0,0,,,,,0,10,0,0,1.0,0,8,7128.0,8280.0,1152.0,0.0,0.0,0.0,0.0,1,1,0,100,100,0,6.0,0.0,5.0,5.0,0,1,1.0,1.0,0,0,1
JMAN_109835,2023-03-31,0,1,0,0,1,1,0,0,0,45,1,0,1,0,Technology,1000 - 4999,0,100,38,,,,,0,0,0,0,15.0,6,148,50400.0,50400.0,0.0,0.0,0.0,0.0,0.0,1,1,1,0,100,0,28.0,0.148148148,27.0,28.0,0,1,0.964285714,0.964285714,0,0,1
JMAN_11055836,2023-02-03,1,0,0,0,0,1,0,0,0,7,1,0,1,0,Technology,100 - 249,0,100,50,,,,,0,9,1,1,0.0,81,62,10800.48,13762.08,2665.68,295.92,2665.738462,0.0,0.0,1,1,0,100,100,0,12.0,0.083333333,12.0,12.0,0,1,1.0,1.0,0,0,1
JMAN_11055836,2023-02-24,1,0,0,0,0,1,0,0,0,7,1,0,1,0,Technology,100 - 249,0,100,50,,,,,0,15,1,1,0.0,90,57,11700.48,13762.08,1765.68,295.92,1765.698462,0.0,0.0,1,1,0,100,100,0,12.0,0.0,12.0,12.0,0,1,1.0,1.0,0,0,1
JMAN_11055836,2023-03-17,1,0,0,0,0,1,0,0,0,7,1,0,1,0,Technology,100 - 249,0,100,33,,,,,0,14,0,0,1.0,126,65,13242.72,13564.56,0.0,321.84,0.0,0.0,0.0,1,1,0,100,100,0,15.0,0.076923077,12.0,12.0,0,1,0.866666667,1.0,0,1,1
JMAN_11096413,2023-02-03,0,1,0,0,0,1,0,0,0,6,0,0,1,0,Technology,Oct-49,0,100,33,,,,,0,9,1,1,0.0,0,6,1285.8,1310.64,0.0,24.84,0.0,0.0,0.0,1,1,0,100,100,0,1.0,1.0,1.0,1.0,0,0,1.0,1.0,0,0,1
JMAN_11200796,2023-02-03,0,1,0,0,1,1,0,0,0,14,1,0,1,0,Transportation,Oct-49,0,0,0,,,,,0,9,1,1,0.0,0,18,5836.68,6094.92,0.0,336.72,0.0,0.0,0.0,1,1,0,100,100,0,5.0,0.4,5.0,5.0,0,1,1.0,1.0,0,0,1
JMAN_11350389,2023-02-03,0,1,0,1,0,1,0,0,0,11,1,0,1,0,Technology,100 - 249,0,100,40,0.0,-50.0,8.0,5.5,0,9,1,1,0.0,12,29,3078.12,3137.64,0.0,68.04,0.0,0.0,0.0,1,1,0,100,100,0,3.0,0.0,3.0,3.0,0,1,1.0,1.0,0,0,1
JMAN_11352880,2023-03-31,0,1,1,0,0,0,0,0,1,6,1,0,2,0,Transportation,Oct-49,0,100,25,,,,,0,0,0,0,17.0,67,302,35856.0,45684.0,9828.0,0.0,4176.0,0.0,0.0,1,1,1,100,100,0,12.0,0.636363636,11.0,12.0,0,1,0.916666667,0.916666667,0,0,1
JMAN_11604060,2023-02-03,0,1,0,0,0,1,0,0,0,5,0,0,1,0,Manufacturing & Resources,01-Sep,0,0,0,,,,,0,9,1,1,0.0,0,0,1152.6,1203.6,0.0,51.0,0.0,0.0,0.0,1,0,0,100,100,0,2.0,0.0,1.0,2.0,0,0,0.5,0.5,0,0,1
JMAN_11678347,2023-03-10,0,1,0,0,0,0,0,1,0,5,1,0,1,0,Technology,Oct-49,0,0,0,,,,,0,10,0,0,2.0,0,9,2844.0,2844.0,0.0,0.0,0.0,0.0,0.0,1,1,0,100,100,0,2.0,0.0,2.0,2.0,0,0,1.0,1.0,0,0,1
JMAN_11879688,2023-02-03,0,1,0,0,0,1,0,0,0,4,0,0,1,0,Technology,01-Sep,0,0,0,,,,,0,9,1,1,0.0,0,0,766.32,781.08,0.0,14.76,0.0,0.0,0.0,1,0,0,100,100,0,1.0,0.0,1.0,1.0,0,0,1.0,1.0,0,0,1
JMAN_12085153,2023-02-03,0,1,1,0,0,1,0,0,0,4,0,0,1,0,Corporate Services,250 - 499,0,0,25,,,,,0,9,1,1,0.0,0,116,5836.68,7637.88,1516.2,285.0,0.0,0.0,0.0,1,1,0,100,100,0,5.0,0.666666667,3.0,5.0,0,1,0.6,0.6,0,0,1
JMAN_12250851,2023-02-03,0,1,0,0,0,1,0,0,0,4,0,0,1,1,Financial Services,01-Sep,0,0,0,100.0,100.0,10.0,10.0,0,0,0,0,,0,137,493.56,251.52,-246.84,4.8,-246.78,0.0,0.0,1,0,0,100,100,0,2.0,0.0,2.0,2.0,0,1,1.0,1.0,0,0,1
JMAN_12444009,2023-02-03,0,1,0,0,0,1,0,0,0,4,1,0,1,0,"Retail, Wholesale & Distribution",Oct-49,0,100,20,,,,,0,9,1,1,0.0,0,241,3488.52,3556.08,0.0,67.56,0.0,0.0,0.0,1,1,0,100,100,0,4.0,0.0,4.0,4.0,0,1,1.0,1.0,0,0,1
JMAN_12537206,2023-03-31,0,1,0,0,0,0,0,0,1,4,1,0,1,0,Consumer Services,Oct-49,0,100,8,0.0,0.0,8.0,8.0,0,0,0,0,,25,135,6636.0,12420.0,5784.0,0.0,1896.0,0.0,0.0,1,1,0,0,100,0,7.0,0.571428571,6.0,7.0,0,1,1.0,0.857142857,1,0,1
JMAN_12581551,2023-03-31,0,1,0,0,0,0,0,0,1,4,0,0,2,0,Manufacturing & Resources,01-Sep,0,0,0,,,,,0,0,0,0,,0,2,1224.0,1224.0,0.0,0.0,0.0,0.0,0.0,1,1,0,100,100,0,2.0,0.0,2.0,2.0,0,1,1.0,1.0,0,0,1
JMAN_12671513,2023-02-03,0,1,0,0,0,1,0,0,0,4,0,0,1,0,Corporate Services,01-Sep,0,0,0,-100.0,-100.0,5.0,5.0,0,0,0,0,,0,0,664.92,,-653.64,-11.28,0.0,-653.64,0.0,1,0,0,100,100,0,1.0,0.0,1.0,1.0,0,1,1.0,1.0,0,0,1
JMAN_12672269,2023-02-03,0,1,1,0,0,1,0,0,0,17,1,0,2,0,Technology,250 - 499,0,100,12,,,,,0,0,0,0,,0,166,480255.36,501503.64,0.0,41841.72,0.0,0.0,0.0,1,1,1,100,100,0,100.0,0.123076923,61.0,100.0,0,1,0.65,0.61,1,0,1
JMAN_127332,2023-02-03,0,1,1,0,0,1,0,0,0,16,1,0,1,0,Technology,500 - 999,0,100,100,,-100.0,,0.0,0,9,1,1,0.0,23,54,43885.8,45827.52,0.0,15696.84,0.0,0.0,0.0,1,1,1,100,100,0,23.0,0.142857143,21.0,23.0,0,0,0.913043478,0.913043478,0,0,1
JMAN_13010076,2023-02-03,0,1,0,1,0,0,0,1,0,17,1,0,2,0,Transportation,500 - 999,0,100,24,,,,,0,0,0,0,,0,64,36374.88,39312.96,0.0,2938.08,0.0,0.0,-3197.88,1,1,0,100,100,0,40.0,0.075,40.0,40.0,0,1,1.0,1.0,0,0,1
JMAN_13302332,2023-01-20,0,1,1,0,0,1,0,0,0,2,1,0,1,0,Media & Entertainment,250 - 499,0,100,33,,,,,1,0,0,0,,0,68,14009.4,49498.2,34725.24,763.56,35121.12,0.0,0.0,1,1,0,100,100,0,10.0,0.0,10.0,10.0,0,1,1.0,1.0,0,0,1
JMAN_13302332,2023-02-03,0,1,1,0,0,1,0,0,0,3,1,0,1,0,Media & Entertainment,250 - 499,0,100,33,,,,,1,0,0,0,,0,67,14143.44,22837.56,7677.96,1016.16,775.4302041,0.0,0.0,1,1,0,100,100,0,11.0,0.0,10.0,10.0,0,1,1.0,1.0,0,0,1
JMAN_13993883,2023-02-03,1,0,0,0,0,1,0,0,0,3,1,0,1,1,Corporate Services,100 - 249,0,0,0,100.0,100.0,10.0,10.0,0,0,0,0,,8,85,11575.8,22281.48,10257.24,448.44,5487.216,0.0,-3684.96,1,1,0,100,100,0,12.0,0.166666667,12.0,12.0,0,1,1.0,1.0,0,0,1
JMAN_14071267,2023-02-17,1,0,0,0,0,0,0,1,0,17,1,0,1,0,Manufacturing & Resources,01-Sep,0,0,0,,,,,0,0,0,0,,0,72,4266.0,4564.8,298.8,0.0,0.0,0.0,0.0,1,1,0,100,100,0,4.0,0.75,4.0,4.0,0,0,1.0,1.0,0,0,1
JMAN_14142262,2023-02-03,0,1,0,0,0,1,0,0,0,3,1,0,1,0,Technology,01-Sep,0,100,14,,,,,0,0,0,0,,49,19,4388.64,5323.44,727.68,207.12,0.0,0.0,0.0,1,1,0,100,100,0,3.0,0.333333333,3.0,3.0,1,0,1.0,1.0,0,0,1
JMAN_14331200,2023-02-03,0,1,0,0,1,1,0,0,0,17,0,0,1,0,Energy & Utilities,250 - 499,0,0,0,,,,,0,0,0,0,,0,0,1551.48,1620.12,0.0,323.52,0.0,0.0,0.0,1,0,0,100,100,0,7.0,0.0,7.0,7.0,0,0,1.0,1.0,0,0,1
JMAN_14360401,2023-02-03,1,0,0,0,0,1,0,0,0,2,1,0,1,0,"Retail, Wholesale & Distribution",100 - 249,0,100,33,,,,,0,0,0,0,,0,9,11673.36,,-11977.32,303.96,0.0,-11977.32,-2273.28,1,1,0,100,100,0,12.0,0.2,5.0,12.0,0,1,0.416666667,0.416666667,0,0,1
JMAN_15078349,2023-02-03,1,0,0,0,0,0,0,0,1,17,0,0,2,0,Technology,100 - 249,0,0,0,,,,,0,0,0,0,,0,7,441.48,450.12,0.0,529.44,0.0,0.0,0.0,1,1,0,100,100,0,1.0,0.0,1.0,1.0,0,0,1.0,1.0,0,0,1
JMAN_15081132,2023-02-24,0,1,0,0,1,0,0,0,1,1,0,0,1,0,Manufacturing & Resources,1000 - 4999,0,100,25,,,,,1,0,0,0,,0,7,5688.0,5688.0,0.0,0.0,0.0,0.0,0.0,1,1,0,100,100,0,5.0,0.0,5.0,5.0,0,1,1.0,1.0,0,0,1
JMAN_15223638,2023-02-03,0,1,0,0,0,1,0,0,0,17,0,0,1,0,Technology,01-Sep,0,0,0,,,,,0,0,0,0,,0,0,1272.84,1297.44,0.0,24.6,0.0,0.0,0.0,1,0,0,100,100,0,2.0,0.0,2.0,2.0,0,0,1.0,1.0,0,0,1
JMAN_15755482,2023-02-17,1,0,0,0,0,0,0,0,1,1,0,0,1,0,"Retail, Wholesale & Distribution",100 - 249,0,0,0,,,,,0,9,1,1,1.0,2,23,4500.0,8940.0,4440.0,0.0,3288.0,0.0,0.0,1,1,0,100,100,0,2.0,0.5,2.0,2.0,0,1,1.0,1.0,0,0,1
JMAN_15755482,2023-03-24,1,0,0,0,0,0,0,0,1,1,0,0,1,0,"Retail, Wholesale & Distribution",100 - 249,0,0,0,,,,,0,8,1,1,0.0,0,22,6000.0,8940.0,2940.0,0.0,1788.0,0.0,0.0,1,1,0,100,100,0,4.0,0.333333333,3.0,3.0,0,1,0.75,1.0,0,1,1
JMAN_17645578,2023-03-31,0,1,0,0,0,0,1,0,0,17,0,0,1,0,Technology,Oct-49,0,0,0,,,,,0,0,0,0,,0,0,1140.0,1656.0,516.0,0.0,228.0,0.0,0.0,1,0,0,100,100,0,5.0,0.0,,4.0,0,0,0.0,0.0,0,0,1
JMAN_18409542,2023-02-03,0,1,0,1,0,1,0,0,0,17,1,0,1,0,Technology,5000+,0,0,0,,,,,0,0,0,0,,0,0,7273.08,7413.96,0.0,140.88,0.0,0.0,0.0,1,1,1,100,100,0,8.0,0.0,,8.0,0,0,0.0,0.0,0,0,1
JMAN_1862669,2023-01-27,1,0,0,0,0,1,0,0,0,17,0,0,2,0,Corporate Services,Oct-49,0,0,0,,,,,0,0,0,0,19.0,0,71,2396.4,2501.64,0.0,105.24,0.0,0.0,0.0,1,0,0,100,100,0,11.0,0.0,10.0,10.0,0,0,0.909090909,1.0,0,1,1
JMAN_1862669,2023-02-03,1,0,0,0,0,1,0,0,0,17,0,0,2,0,Corporate Services,Oct-49,0,0,0,,,,,0,0,0,0,20.0,0,24,2438.16,2545.92,0.0,107.76,0.0,0.0,0.0,1,0,0,100,100,0,11.0,0.090909091,10.0,10.0,1,0,1.0,1.0,0,0,1
JMAN_2272460,2023-02-03,0,1,0,0,0,1,0,0,0,17,0,0,4,0,,01-Sep,0,100,100,,,,,0,10,0,0,7.0,0,128,649.44,661.92,0.0,12.48,0.0,0.0,0.0,1,0,0,100,100,0,2.0,0.5,2.0,2.0,0,0,1.0,1.0,0,0,1
JMAN_2293551,2023-02-03,0,1,0,0,0,1,0,0,0,16,0,0,6,0,Technology,Oct-49,0,0,0,,,,,0,0,0,0,20.0,0,0,2272.8,2316.84,0.0,44.04,0.0,0.0,0.0,1,0,0,100,100,0,7.0,0.0,6.0,7.0,0,0,0.714285714,0.857142857,0,1,1
JMAN_2314120,2023-02-03,0,1,0,0,0,1,0,0,0,17,0,0,5,0,Manufacturing & Resources,Oct-49,0,0,0,,,,,0,8,0,0,3.0,0,0,64.92,66.24,0.0,1.32,0.0,0.0,0.0,0,0,0,100,100,0,1.0,0.0,1.0,1.0,0,0,1.0,1.0,0,0,1
JMAN_2319823,2023-02-03,1,0,0,0,0,1,0,0,0,17,0,0,4,0,Technology,Oct-49,0,0,0,,,,,0,8,0,0,3.0,0,26,259.8,264.84,0.0,5.04,0.0,0.0,0.0,0,0,0,100,100,0,4.0,0.25,4.0,4.0,0,0,1.0,1.0,0,0,1
JMAN_2325725,2023-02-03,0,1,0,0,0,1,0,0,0,17,0,0,2,0,Technology,01-Sep,0,0,0,,100.0,,9.0,0,8,0,0,3.0,0,0,116.88,119.16,0.0,2.28,0.0,0.0,0.0,0,0,0,100,100,0,1.0,0.0,1.0,1.0,0,0,1.0,1.0,0,0,1
JMAN_2328487,2023-02-03,0,1,0,0,0,1,0,0,0,17,0,0,4,0,,01-Sep,0,0,0,,,,,0,8,0,0,3.0,0,0,324.72,330.96,0.0,6.24,0.0,0.0,0.0,0,0,0,100,100,0,5.0,0.0,5.0,5.0,0,0,1.0,1.0,0,0,1
JMAN_2331419,2023-02-03,0,1,0,0,1,1,0,0,0,17,1,0,3,0,Energy & Utilities,50 - 99,0,0,0,,,,,0,9,1,1,0.0,0,0,23572.44,30781.08,6637.44,571.2,0.0,0.0,0.0,1,1,0,100,100,0,15.0,0.0,14.0,15.0,0,1,0.933333333,0.933333333,0,0,1
JMAN_2351429,2023-02-03,0,1,0,0,0,1,0,0,0,17,0,0,4,0,,01-Sep,0,0,0,,,,,0,8,0,0,3.0,0,0,64.92,66.24,0.0,1.32,0.0,0.0,0.0,0,0,0,100,100,0,1.0,0.0,1.0,1.0,0,0,1.0,1.0,0,0,1
JMAN_2358714,2023-02-03,0,1,0,0,0,1,0,0,0,17,0,0,6,0,Technology,Oct-49,0,0,0,,,,,0,0,0,0,14.0,0,0,1324.68,,-1332.11,7.43,0.0,-1299.36,0.0,1,1,0,100,100,0,3.0,0.0,3.0,3.0,0,0,1.0,1.0,0,0,1
JMAN_2371381,2023-02-03,0,1,0,0,0,1,0,0,0,17,0,0,3,0,Technology,01-Sep,0,0,0,,,,,0,9,1,1,0.0,0,0,73.92,77.16,0.0,3.24,0.0,0.0,0.0,0,0,0,100,100,0,1.0,0.0,1.0,1.0,0,0,1.0,1.0,0,0,1
JMAN_2374491,2023-02-10,1,0,0,0,0,0,0,0,1,17,1,0,6,0,Healthcare,01-Sep,0,0,0,,,,,0,11,0,0,7.0,0,15,4040.04,5228.04,1188.0,0.0,1010.01,0.0,-711.96,1,1,0,-71100,120,0,4.0,0.5,4.0,4.0,0,0,1.0,1.0,0,0,1
JMAN_2374639,2023-02-24,0,1,0,0,0,0,0,0,1,17,0,0,3,0,,Oct-49,0,0,0,,,,,0,9,0,0,7.0,0,22,1200.0,1200.0,0.0,0.0,0.0,0.0,0.0,1,0,0,100,100,0,4.0,0.0,4.0,4.0,0,1,1.0,1.0,0,0,1
JMAN_2375196,2023-02-03,0,1,0,0,0,1,0,0,0,17,0,0,3,0,Technology,01-Sep,0,0,0,,,,,0,0,0,0,20.0,0,0,886.56,925.8,0.0,39.24,0.0,0.0,0.0,1,0,0,100,100,0,4.0,0.0,3.0,4.0,0,0,0.75,0.75,0,0,1
JMAN_2375471,2023-02-24,0,1,0,0,0,0,0,0,1,17,0,0,5,0,Technology,01-Sep,0,0,0,,,,,0,9,0,0,7.0,0,10,11232.0,11232.0,0.0,0.0,0.0,0.0,0.0,1,1,0,100,100,0,12.0,0.0,11.0,11.0,0,1,0.916666667,1.0,0,1,1
JMAN_2388391,2023-02-03,0,1,0,0,0,1,0,0,0,17,0,0,2,0,Manufacturing & Resources,01-Sep,0,0,0,,,,,0,0,0,0,20.0,0,6,443.28,1388.64,890.64,54.72,222.6,667.92,0.0,1,0,0,100,100,0,2.0,0.0,2.0,2.0,0,0,1.0,1.0,0,0,1
JMAN_2396226,2023-02-03,0,1,0,0,0,0,0,0,1,17,0,0,5,0,"Retail, Wholesale & Distribution",01-Sep,0,0,0,,,,,0,10,0,0,7.0,0,0,116.88,119.16,0.0,2.28,0.0,0.0,0.0,0,0,0,100,100,0,1.0,0.0,1.0,1.0,0,0,1.0,1.0,0,0,1
JMAN_2402232,2023-02-03,0,1,0,0,1,1,0,0,0,17,1,0,1,0,Financial Services,50 - 99,0,100,22,,,,,0,0,0,0,20.0,5,302,77925.6,63548.04,-15287.4,909.84,-15287.4,0.0,0.0,1,1,1,100,100,0,40.0,0.03125,29.0,40.0,0,1,0.8,0.725,1,0,1
JMAN_2405792,2023-02-03,0,1,0,0,1,1,0,0,0,18,1,0,1,0,Financial Services,1000 - 4999,0,0,0,,-100.0,,6.0,0,0,0,0,20.0,0,6,5844.48,6712.32,741.84,126.0,0.0,0.0,0.0,1,1,1,100,100,0,3.0,0.0,3.0,3.0,0,0,1.0,1.0,0,0,1
JMAN_2411898,2023-02-24,0,1,0,0,0,0,1,0,0,17,0,0,3,0,Corporate Services,Oct-49,0,0,0,,,,,0,3,0,0,2.0,0,21,300.0,300.0,0.0,0.0,0.0,0.0,0.0,0,0,0,100,100,0,4.0,0.25,4.0,4.0,0,0,1.0,1.0,0,0,1
JMAN_2420440,2023-02-03,0,1,0,0,0,1,0,0,0,17,0,0,5,0,Technology,01-Sep,0,0,0,,,,,0,9,1,1,0.0,0,0,129.84,132.36,0.0,2.52,0.0,0.0,0.0,0,0,0,100,100,0,2.0,0.0,2.0,2.0,0,0,1.0,1.0,0,0,1
JMAN_2420550,2023-02-03,0,1,0,0,0,1,0,0,0,17,0,0,3,0,Healthcare,01-Sep,0,0,0,,,,,0,10,0,0,5.0,0,0,221.64,231.48,0.0,9.84,0.0,0.0,0.0,1,0,0,100,100,0,1.0,0.0,1.0,1.0,0,0,1.0,1.0,0,0,1
JMAN_2429874,2023-02-03,0,1,0,0,0,1,0,0,0,17,0,0,3,0,Corporate Services,Oct-49,0,0,0,,,,,0,0,0,0,14.0,0,0,1773.12,1851.6,0.0,78.48,0.0,0.0,0.0,1,0,0,100,100,0,8.0,0.0,7.0,8.0,0,0,0.875,0.875,0,0,1
JMAN_2431752,2023-02-03,0,1,0,0,0,1,0,0,0,17,0,0,6,0,Education,01-Sep,0,0,0,,,,,0,9,1,1,0.0,0,0,576.36,601.8,0.0,25.44,0.0,0.0,0.0,1,1,0,100,100,0,1.0,0.0,1.0,1.0,0,0,1.0,1.0,0,0,1
JMAN_2432487,2023-02-03,0,1,0,0,0,1,0,0,0,17,0,0,4,0,Technology,Oct-49,0,0,0,,,,,0,10,0,0,11.0,0,1,831.12,847.32,0.0,16.2,0.0,0.0,0.0,1,1,0,100,100,0,1.0,0.0,1.0,1.0,0,1,1.0,1.0,0,0,1
JMAN_2433825,2023-02-03,0,1,0,0,0,1,0,0,0,17,0,0,4,0,,01-Sep,0,0,0,,,,,0,9,1,1,0.0,0,5,233.76,238.32,0.0,4.56,0.0,0.0,0.0,0,0,0,100,100,0,2.0,0.0,2.0,2.0,0,1,1.0,1.0,0,0,1
JMAN_2433986,2023-02-03,1,0,0,0,0,1,0,0,0,17,1,0,1,0,Consumer Services,Oct-49,0,0,0,,,,,0,10,0,0,11.0,0,1101,14185.32,14812.92,0.0,627.6,0.0,0.0,0.0,1,1,1,100,100,0,8.0,0.375,8.0,8.0,0,1,1.0,1.0,0,0,1
JMAN_2434832,2023-02-03,0,1,0,0,0,1,0,0,0,17,0,0,5,0,Consumer Services,01-Sep,0,0,0,,,,,0,9,1,1,0.0,0,0,73.92,77.16,0.0,3.24,0.0,0.0,0.0,0,0,0,100,100,0,1.0,0.0,1.0,1.0,0,0,1.0,1.0,0,0,1
JMAN_2435848,2023-02-03,1,0,0,0,0,1,0,0,0,16,1,0,4,0,Education,100 - 249,0,0,0,,,,,0,0,0,0,14.0,0,41,12840.72,13408.8,0.0,568.08,0.0,0.0,0.0,1,1,1,100,100,0,11.0,0.1,10.0,11.0,0,0,0.909090909,0.909090909,0,0,1
JMAN_2436197,2023-02-03,0,1,1,0,0,1,0,0,0,17,0,0,4,0,Education,500 - 999,0,0,0,,,,,0,9,1,1,0.0,0,0,132.96,138.84,0.0,5.88,0.0,0.0,0.0,0,0,0,100,100,0,1.0,0.0,1.0,1.0,0,0,1.0,1.0,0,0,1
JMAN_2438346,2023-02-03,0,1,0,1,0,1,0,0,0,17,1,0,5,0,Technology,Oct-49,0,100,20,,,,,0,0,0,0,20.0,0,0,13224.96,13809.96,0.0,585.0,0.0,0.0,0.0,1,1,0,100,100,0,11.0,0.1,10.0,11.0,0,0,0.909090909,0.909090909,0,0,1
JMAN_2438486,2023-02-03,0,1,0,0,0,1,0,0,0,17,0,0,5,0,"Retail, Wholesale & Distribution",01-Sep,0,0,0,,,,,0,0,0,0,14.0,0,117,1532.52,1827.0,260.28,34.2,0.0,0.0,0.0,1,1,0,100,100,0,2.0,0.0,2.0,2.0,0,1,1.0,1.0,0,0,1
JMAN_2439200,2023-02-03,0,1,0,0,0,1,0,0,0,17,0,0,5,0,,01-Sep,0,0,0,,,,,0,9,1,1,0.0,0,0,64.92,66.24,0.0,1.32,0.0,0.0,0.0,0,0,0,100,100,0,1.0,0.0,1.0,1.0,0,1,1.0,1.0,0,0,1
JMAN_2439784,2023-03-10,0,1,0,0,0,0,0,0,1,17,0,0,2,0,Technology,01-Sep,0,0,0,,,,,0,8,0,0,6.0,0,0,120.0,120.0,0.0,0.0,0.0,0.0,0.0,0,0,0,100,100,0,2.0,0.0,1.0,1.0,0,0,0.5,1.0,0,1,1
JMAN_2439899,2023-02-03,1,0,0,0,0,1,0,0,0,17,0,0,4,0,Corporate Services,100 - 249,0,0,0,,,,,0,9,1,1,0.0,4,24,9117.24,4686.72,-4529.16,98.64,-2303.64,-2225.52,0.0,1,1,0,100,100,0,9.0,0.0,9.0,9.0,0,1,1.0,1.0,0,0,1
JMAN_2441230,2023-02-03,0,1,0,0,0,1,0,0,0,17,0,0,6,0,,01-Sep,0,0,0,,,,,0,0,0,0,14.0,0,3,1714.32,1985.76,234.24,37.2,0.0,0.0,0.0,1,1,0,100,100,0,3.0,0.0,3.0,3.0,0,1,1.0,1.0,0,0,1
JMAN_2441943,2023-02-03,1,0,0,0,0,1,0,0,0,17,0,0,3,0,Technology,Oct-49,0,0,0,,,,,0,0,0,0,20.0,1,27,15958.44,16664.52,0.0,706.08,0.0,0.0,0.0,1,1,0,100,100,0,20.0,0.05,20.0,20.0,0,0,1.0,1.0,0,0,1
JMAN_2442325,2023-02-03,0,1,0,0,0,1,0,0,0,17,0,0,3,1,Manufacturing & Resources,01-Sep,0,0,0,,,,,0,8,0,0,3.0,0,0,116.88,,-116.88,0.0,0.0,-116.88,0.0,0,0,0,100,100,0,1.0,0.0,1.0,1.0,0,0,1.0,1.0,0,0,1
JMAN_2443914,2023-02-03,1,0,0,0,0,1,0,0,0,17,0,0,5,0,Manufacturing & Resources,100 - 249,0,100,33,,,,,0,8,0,0,3.0,0,0,441.6,450.12,0.0,8.52,0.0,0.0,0.0,1,1,0,100,100,0,1.0,1.0,1.0,1.0,0,0,1.0,1.0,0,0,1
JMAN_2445669,2023-01-27,1,0,0,0,0,1,0,0,0,17,0,0,4,0,Non-Profits & Associations,Oct-49,0,0,0,,,,,0,0,0,0,19.0,0,57,4824.24,5856.72,975.96,56.52,975.8909412,0.0,0.0,1,0,0,100,80,0,14.0,0.071428571,14.0,14.0,1,0,1.0,1.0,0,0,1
JMAN_2445669,2023-02-03,1,0,0,0,0,1,0,0,0,17,0,0,4,0,Non-Profits & Associations,Oct-49,0,0,0,,,,,0,0,0,0,20.0,0,37,4870.32,5957.64,975.96,111.36,975.8909412,0.0,0.0,1,0,0,100,100,0,15.0,0.066666667,14.0,14.0,0,1,1.0,1.0,0,0,1
JMAN_2445669,2023-02-10,1,0,0,0,0,1,0,0,0,17,0,0,4,0,Non-Profits & Associations,Oct-49,0,0,0,,,,,0,0,0,0,20.0,0,45,5195.04,5957.64,651.24,111.36,651.2029412,0.0,0.0,1,0,0,100,100,0,16.0,0.066666667,14.0,14.0,0,1,0.9375,1.0,0,1,1
JMAN_2445669,2023-02-17,1,0,0,0,0,1,0,0,0,17,0,0,4,0,Non-Profits & Associations,Oct-49,0,0,0,,,,,0,0,0,0,20.0,0,276,5519.76,5957.64,326.52,111.36,326.5129412,0.0,0.0,1,0,0,100,100,0,17.0,0.125,14.0,14.0,0,1,0.941176471,1.0,0,1,1
JMAN_2445988,2023-01-20,1,0,0,0,0,0,0,0,1,16,0,0,6,0,Technology,Oct-49,0,0,0,,,,,0,8,0,0,10.0,0,14,2160.0,2160.0,0.0,0.0,0.0,0.0,0.0,1,1,0,100,100,0,9.0,0.25,8.0,8.0,0,1,0.888888889,1.0,0,1,1
JMAN_2446015,2023-02-03,0,1,0,0,0,1,0,0,0,17,0,0,5,0,,01-Sep,0,0,0,,,,,0,8,0,0,3.0,0,0,428.52,436.92,0.0,8.4,0.0,0.0,0.0,1,0,0,100,100,0,1.0,1.0,1.0,1.0,0,0,1.0,1.0,0,0,1
JMAN_2446236,2023-02-17,0,1,0,0,0,0,0,0,1,17,1,0,1,0,Technology,Oct-49,0,100,25,,,,,1,10,0,0,11.0,382,290,30000.0,59700.0,29700.0,0.0,7500.0,13800.0,0.0,1,1,0,100,100,0,18.0,0.277777778,18.0,18.0,1,0,1.0,1.0,0,0,1
JMAN_2446236,2023-03-10,0,1,0,0,0,0,0,0,1,17,1,0,1,0,Technology,Oct-49,0,100,25,,,,,1,10,0,0,12.0,386,287,31500.0,64476.0,32976.0,0.0,9576.0,13800.0,0.0,1,1,0,100,100,0,20.0,0.157894737,18.0,18.0,0,1,0.95,1.0,0,1,1
JMAN_2446861,2023-02-03,0,1,0,0,1,1,0,0,0,17,0,0,5,0,Energy & Utilities,250 - 499,0,0,0,,,,,0,0,0,0,14.0,0,9,2438.16,2545.92,0.0,323.52,0.0,0.0,0.0,1,0,0,100,100,0,11.0,0.0,11.0,11.0,0,1,1.0,1.0,0,0,1
JMAN_2447281,2023-02-03,0,1,0,0,0,0,0,0,1,17,0,0,6,0,Manufacturing & Resources,01-Sep,0,0,0,,,,,0,10,0,0,5.0,0,0,2478.6,2916.0,437.4,0.0,0.0,0.0,-437.4,1,1,0,150,100,0,2.0,0.0,2.0,2.0,0,0,1.0,1.0,0,0,1
JMAN_2447679,2023-02-03,0,1,0,0,0,1,0,0,0,17,0,0,3,0,,01-Sep,0,0,0,,,,,0,9,1,1,0.0,0,0,194.76,198.6,0.0,3.84,0.0,0.0,0.0,0,0,0,100,100,0,3.0,0.0,2.0,3.0,0,0,0.666666667,0.666666667,0,0,1
JMAN_2448001,2023-02-03,0,1,0,0,0,1,0,0,0,17,0,0,3,0,Healthcare,01-Sep,0,0,0,,,,,0,0,0,0,14.0,0,0,1155.84,1178.28,0.0,22.44,0.0,0.0,0.0,1,1,0,100,100,0,1.0,0.0,1.0,1.0,0,0,1.0,1.0,0,0,1
JMAN_2448129,2023-02-03,1,0,0,0,0,1,0,0,0,17,0,0,3,0,Consumer Services,Oct-49,0,0,0,100.0,100.0,10.0,10.0,0,9,1,1,0.0,0,104,6605.04,8100.84,1182.48,313.32,0.0,0.0,0.0,1,1,1,100,100,0,3.0,0.666666667,3.0,3.0,1,0,1.0,1.0,0,0,1
JMAN_2448264,2023-01-20,0,1,0,0,0,0,0,0,1,16,0,0,5,0,"Retail, Wholesale & Distribution",Oct-49,0,100,50,,,,,0,8,0,0,10.0,0,16,9360.0,8424.0,-936.0,0.0,-936.0,-2052.0,0.0,1,1,0,100,100,0,10.0,0.0,9.0,9.0,0,1,0.9,1.0,0,1,1
JMAN_2448495,2023-02-03,0,1,0,0,0,1,0,0,0,17,0,0,3,0,Technology,01-Sep,0,0,0,,,,,0,9,1,1,0.0,0,0,64.92,66.24,0.0,1.32,0.0,0.0,0.0,0,0,0,100,100,0,1.0,0.0,1.0,1.0,0,0,1.0,1.0,0,0,1
JMAN_2448716,2023-02-03,0,1,0,0,0,1,0,0,0,17,0,0,3,0,Technology,01-Sep,0,0,0,,,,,0,0,0,0,20.0,0,160,2659.8,6110.28,3231.48,219.0,0.0,2018.52,0.0,1,1,0,100,100,0,4.0,0.0,4.0,4.0,0,0,1.0,1.0,0,0,1
JMAN_2448722,2023-02-03,0,1,0,0,0,1,0,0,0,17,0,0,6,0,,01-Sep,0,0,0,,,,,0,0,0,0,14.0,0,0,636.36,648.72,0.0,12.36,0.0,0.0,0.0,1,1,0,100,100,0,1.0,1.0,1.0,1.0,0,0,1.0,1.0,0,0,1
JMAN_2449227,2023-02-03,0,1,0,0,0,1,0,0,0,17,0,0,5,0,Corporate Services,01-Sep,0,0,0,,,,,0,0,0,0,20.0,0,0,2127.84,1928.76,-273.48,74.4,-652.53,0.0,0.0,1,0,0,100,100,0,4.0,0.25,4.0,4.0,1,0,1.0,1.0,0,0,1
JMAN_2449786,2023-02-03,0,1,0,0,0,1,0,0,0,17,1,0,1,0,Financial Services,01-Sep,0,0,0,,,,,0,9,1,1,0.0,0,0,9102.24,9504.96,0.0,402.72,0.0,0.0,0.0,1,1,0,100,100,0,11.0,0.0,2.0,11.0,0,0,0.181818182,0.181818182,0,0,1
JMAN_2451026,2023-02-03,0,1,1,0,0,1,0,0,0,17,1,0,2,0,Technology,250 - 499,0,83,19,,-100.0,,3.0,0,9,1,1,0.0,42,4112,465456.0,486049.44,0.0,41841.72,0.0,0.0,0.0,1,1,1,100,100,0,300.0,0.333333333,199.0,300.0,0,1,0.71,0.663333333,1,0,1
JMAN_2451145,2023-02-03,0,1,0,0,0,1,0,0,0,17,0,0,3,0,"Retail, Wholesale & Distribution",Oct-49,0,0,0,,,,,0,0,0,0,14.0,0,72,4246.8,5520.72,1171.2,102.72,0.0,0.0,0.0,1,1,0,100,100,0,3.0,0.0,3.0,3.0,0,1,1.0,1.0,0,0,1
JMAN_2451881,2023-02-03,0,1,0,0,0,1,0,0,0,17,0,0,4,0,Financial Services,01-Sep,0,0,0,,,,,0,0,0,0,20.0,0,0,831.12,847.32,0.0,16.2,0.0,0.0,0.0,1,1,0,100,100,0,1.0,0.0,1.0,1.0,0,0,1.0,1.0,0,0,1
JMAN_2452060,2023-02-03,1,0,0,0,0,1,0,0,0,17,0,0,5,0,Financial Services,Oct-49,0,0,0,,100.0,,10.0,0,0,0,0,14.0,3,15,8312.04,8473.08,0.0,161.04,0.0,0.0,0.0,1,1,0,100,100,0,10.0,0.1,10.0,10.0,0,1,1.0,1.0,0,0,1
JMAN_2452081,2023-02-03,0,1,0,0,0,1,0,0,0,17,0,0,3,0,Corporate Services,Oct-49,0,0,0,,,,,0,0,0,0,20.0,0,23,2220.84,2263.92,0.0,43.08,0.0,0.0,0.0,1,0,0,100,100,0,9.0,0.111111111,9.0,9.0,0,1,1.0,1.0,0,0,1
JMAN_2452274,2023-02-03,0,1,0,0,0,1,0,0,0,17,0,0,5,0,,01-Sep,0,0,0,,,,,0,9,1,1,0.0,0,0,502.32,663.48,136.56,24.6,0.0,0.0,0.0,1,0,0,100,100,0,2.0,0.0,2.0,2.0,0,0,1.0,1.0,0,0,1
JMAN_2452339,2023-02-03,0,1,0,0,0,1,0,0,0,17,0,0,3,0,,01-Sep,0,0,0,,,,,0,8,0,0,3.0,0,0,64.92,66.24,0.0,1.32,0.0,0.0,0.0,0,0,0,100,100,0,1.0,0.0,1.0,1.0,0,0,1.0,1.0,0,0,1
JMAN_2452556,2023-02-03,0,1,0,0,0,1,0,0,0,17,0,0,5,0,,01-Sep,0,0,0,,,,,0,9,1,1,0.0,0,0,605.76,817.8,181.92,30.12,0.0,0.0,0.0,1,1,1,100,100,0,1.0,0.0,1.0,1.0,0,0,1.0,1.0,0,0,1
JMAN_2452632,2023-02-03,0,1,0,0,0,1,0,0,0,17,0,0,1,0,Technology,01-Sep,0,0,0,,,,,0,0,0,0,20.0,0,2,1167.36,1527.6,308.63,51.61,0.0,0.0,0.0,1,1,0,100,100,0,1.0,0.0,1.0,1.0,0,0,1.0,1.0,0,0,1
JMAN_2453205,2023-02-03,0,1,0,0,0,0,0,0,1,17,0,0,2,0,Technology,01-Sep,0,0,0,,,,,0,8,0,0,3.0,0,17,246.72,251.52,0.0,4.8,0.0,0.0,0.0,1,0,0,100,100,0,1.0,0.0,1.0,1.0,0,1,1.0,1.0,0,0,1
JMAN_2453288,2023-01-27,1,0,0,0,0,1,0,0,0,17,0,0,4,0,Technology,Oct-49,0,0,0,,,,,0,8,0,0,3.0,0,235,960.0,5340.0,4380.0,0.0,1488.0,1380.0,0.0,1,1,0,100,130,0,1.0,1.0,1.0,1.0,0,0,1.0,1.0,0,0,1
JMAN_2453701,2023-02-03,0,1,1,0,0,1,0,0,0,17,0,0,3,0,Education,250 - 499,0,0,0,,,,,0,0,0,0,20.0,31,29,3117.0,4448.28,1253.64,77.64,1253.856,0.0,0.0,1,1,1,100,100,0,5.0,0.0,5.0,5.0,0,1,1.0,1.0,0,0,1
JMAN_2454663,2023-02-03,0,1,1,0,0,1,0,0,0,17,0,0,4,0,Healthcare,500 - 999,0,0,0,,,,,0,9,1,1,0.0,0,28,194.76,198.6,0.0,3.84,0.0,0.0,0.0,0,0,0,100,100,0,3.0,0.0,3.0,3.0,0,1,1.0,1.0,0,0,1
JMAN_2454977,2023-02-03,0,1,0,0,0,1,0,0,0,17,0,0,5,0,Manufacturing & Resources,Oct-49,0,0,0,,,,,0,9,1,1,0.0,0,1,2026.08,,-2030.28,4.2,0.0,-2030.28,0.0,1,1,0,100,100,0,2.0,0.0,2.0,2.0,0,1,1.0,1.0,0,0,1
JMAN_2455695,2023-02-24,1,0,0,0,0,0,1,0,0,17,0,0,4,0,Corporate Services,100 - 249,0,0,0,,,,,0,8,0,0,11.0,0,0,1116.0,1116.0,0.0,0.0,0.0,0.0,0.0,1,1,1,100,100,0,1.0,0.0,1.0,1.0,0,0,1.0,1.0,0,0,1
JMAN_2456399,2023-02-03,1,0,0,0,0,1,0,0,0,17,0,0,1,0,Financial Services,01-Sep,0,0,0,,,,,0,9,1,1,0.0,7,21,7314.36,13192.8,5342.64,535.8,0.0,909.72,0.0,1,1,0,100,100,0,5.0,0.6,5.0,5.0,1,0,1.0,1.0,0,0,1
JMAN_2456399,2023-02-24,1,0,0,0,0,1,0,0,0,17,0,0,1,0,Financial Services,01-Sep,0,100,20,,,,,0,15,1,1,0.0,16,121,11747.28,13192.8,909.72,535.8,0.0,909.72,0.0,1,1,1,100,100,0,5.0,0.6,5.0,5.0,0,1,1.0,1.0,0,0,1
JMAN_2456787,2023-02-03,1,0,0,0,0,0,0,0,1,17,1,0,3,0,Technology,100 - 249,0,100,10,,100.0,,9.0,0,0,0,0,14.0,146,85,22955.52,25756.8,2280.48,529.44,2264.412,0.0,-155.28,1,1,0,100,100,0,20.0,0.6,20.0,20.0,0,1,1.0,1.0,0,0,1
JMAN_2457132,2023-01-13,1,0,0,0,0,0,0,0,1,17,1,0,3,0,Technology,Oct-49,0,0,0,,,,,0,9,0,0,10.0,4,1143,42240.0,42240.0,0.0,0.0,0.0,0.0,0.0,1,1,0,100,100,0,55.0,0.358490566,53.0,53.0,0,1,0.963636364,1.0,0,1,1
JMAN_2457215,2023-02-03,1,0,0,0,0,1,0,0,0,17,1,0,4,0,"Retail, Wholesale & Distribution",100 - 249,0,100,50,,,,,0,10,0,0,11.0,0,132,20520.48,20917.92,0.0,397.44,0.0,0.0,0.0,1,1,1,100,100,0,10.0,0.0,10.0,10.0,0,1,1.0,1.0,0,0,1
JMAN_2457657,2023-02-03,0,1,0,0,0,1,0,0,0,17,0,0,3,0,Consumer Services,01-Sep,0,0,0,,,,,0,9,1,1,0.0,0,26,399.0,277.8,-133.08,11.88,-133.0,0.0,0.0,0,0,0,100,100,0,3.0,0.0,3.0,3.0,0,0,1.0,1.0,0,0,1
JMAN_2457731,2023-02-03,0,1,0,0,0,1,0,0,0,17,0,0,3,0,Education,01-Sep,0,0,0,,,,,0,9,1,1,0.0,0,2,129.84,132.36,0.0,2.52,0.0,0.0,0.0,0,0,0,100,100,0,2.0,0.0,2.0,2.0,0,0,1.0,1.0,0,0,1
JMAN_2458020,2023-02-03,1,0,0,0,0,1,0,0,0,17,1,0,4,0,Financial Services,50 - 99,0,100,50,,,,,0,0,0,0,20.0,0,91,26952.0,35921.4,7641.12,1328.28,0.0,0.0,0.0,1,1,0,100,100,0,24.0,0.0,21.0,24.0,0,1,0.875,0.875,0,0,1
JMAN_2458057,2023-02-03,0,1,0,0,0,1,0,0,0,17,0,0,5,0,Technology,01-Sep,0,0,0,,,,,0,0,0,0,14.0,0,0,649.44,661.92,0.0,12.48,0.0,0.0,0.0,1,0,0,100,100,0,2.0,0.0,2.0,2.0,0,0,1.0,1.0,0,0,1
JMAN_2458137,2023-02-03,0,1,0,0,0,1,0,0,0,17,1,0,2,0,"Retail, Wholesale & Distribution",Oct-49,0,0,0,,,,,0,0,0,0,20.0,0,26,1974.12,2012.4,0.0,38.28,0.0,0.0,0.0,1,0,0,100,100,0,8.0,0.0,8.0,8.0,0,1,1.0,1.0,0,0,1
JMAN_2459119,2023-01-20,0,1,0,0,0,0,0,0,1,16,1,0,2,0,Education,Oct-49,0,100,25,,,,,0,8,0,0,10.0,0,187,14388.0,18312.0,3924.0,0.0,3924.0,0.0,0.0,1,1,0,100,100,0,10.0,0.1,7.0,7.0,0,1,1.0,1.0,0,0,1
JMAN_2459119,2023-01-27,0,1,0,0,0,0,0,0,1,17,1,0,2,0,Education,Oct-49,0,100,25,,,,,0,8,0,0,10.0,0,211,17004.0,23352.0,6348.0,0.0,1308.0,0.0,0.0,1,1,0,100,100,0,12.0,0.272727273,7.0,7.0,0,1,0.916666667,1.0,0,1,1
JMAN_2459144,2023-03-24,0,1,0,0,0,1,0,0,0,17,0,0,3,0,Financial Services,Oct-49,0,0,0,,,,,0,0,0,0,21.0,0,40,4560.0,4560.0,0.0,0.0,0.0,0.0,0.0,1,0,0,100,100,0,20.0,0.0,17.0,18.0,0,1,0.9,0.944444444,0,1,1
JMAN_2460628,2023-02-03,0,1,0,0,0,1,0,0,0,16,1,0,1,0,Consumer Services,Oct-49,0,100,33,,,,,0,0,0,0,20.0,87,81,6428.88,6553.44,0.0,124.56,0.0,0.0,0.0,1,1,0,100,100,0,5.0,0.25,4.0,5.0,0,1,0.8,0.8,0,0,1
JMAN_2460735,2023-02-03,0,1,0,0,0,1,0,0,0,17,1,0,1,0,"Retail, Wholesale & Distribution",Oct-49,0,0,0,,,,,0,0,0,0,20.0,0,158,6493.8,6619.56,0.0,125.76,0.0,0.0,0.0,1,1,0,100,100,0,4.0,0.25,4.0,4.0,0,1,1.0,1.0,0,0,1
JMAN_2461549,2023-02-03,0,1,0,0,0,1,0,0,0,17,0,0,5,0,Financial Services,Oct-49,0,0,0,,,,,0,0,0,0,20.0,0,99,5363.88,4686.72,-767.88,90.72,-767.88,0.0,0.0,1,1,0,100,100,0,7.0,0.142857143,7.0,7.0,0,1,1.0,1.0,0,0,1
JMAN_2461723,2023-02-03,0,1,0,0,0,1,0,0,0,17,0,0,6,0,Corporate Services,01-Sep,0,0,0,,,,,0,0,0,0,20.0,0,0,1324.68,1350.48,0.0,25.8,0.0,0.0,0.0,1,1,0,100,100,0,3.0,0.0,3.0,3.0,0,1,1.0,1.0,0,0,1
JMAN_2461772,2023-02-03,0,1,0,0,0,1,0,0,0,17,0,0,3,0,Travel & Hospitality,01-Sep,0,0,0,,,,,0,9,1,1,0.0,0,7,129.84,132.36,0.0,2.52,0.0,0.0,0.0,0,0,0,100,100,0,2.0,0.0,2.0,2.0,0,1,1.0,1.0,0,0,1
JMAN_2461858,2023-02-03,0,1,0,0,0,1,0,0,0,17,0,0,6,0,Education,01-Sep,0,0,0,,,,,0,0,0,0,20.0,0,4,990.0,1033.92,0.0,43.92,0.0,0.0,0.0,1,1,0,100,100,0,2.0,0.5,2.0,2.0,1,0,1.0,1.0,0,0,1
JMAN_2462569,2023-02-03,0,1,0,0,0,1,0,0,0,17,0,0,5,0,Technology,01-Sep,0,0,0,,,,,0,0,0,0,20.0,0,2,1623.48,1654.92,0.0,31.44,0.0,0.0,0.0,1,0,0,100,100,0,5.0,0.0,5.0,5.0,0,0,1.0,1.0,0,0,1
JMAN_2462757,2023-02-03,0,1,0,0,0,1,0,0,0,17,0,0,3,0,Technology,01-Sep,0,0,0,,,,,0,9,1,1,0.0,0,0,64.92,66.24,0.0,1.32,0.0,0.0,0.0,0,0,0,100,100,0,1.0,0.0,1.0,1.0,0,0,1.0,1.0,0,0,1
JMAN_2463072,2023-02-03,0,1,0,0,0,1,0,0,0,17,0,0,5,0,Technology,01-Sep,0,0,0,,,,,0,0,0,0,14.0,0,4,1259.76,,-1259.76,0.0,0.0,-1259.76,0.0,1,1,0,100,100,0,1.0,1.0,1.0,1.0,0,0,1.0,1.0,0,0,1
JMAN_2463786,2023-02-03,0,1,0,0,0,1,0,0,0,17,0,0,2,0,Consumer Services,Oct-49,0,0,0,,,,,0,9,1,1,0.0,0,0,1507.2,1851.48,272.88,71.4,0.0,0.0,0.0,1,1,0,100,100,0,1.0,0.0,1.0,1.0,0,0,1.0,1.0,0,0,1
JMAN_2463960,2023-02-03,0,1,0,0,0,1,0,0,0,17,0,0,5,0,Technology,01-Sep,0,0,0,,,,,0,9,1,1,0.0,0,0,221.64,231.48,0.0,9.84,0.0,0.0,0.0,1,0,0,100,100,0,1.0,0.0,1.0,1.0,0,0,1.0,1.0,0,0,1
JMAN_2464018,2023-02-03,0,1,0,0,0,1,0,0,0,17,1,0,4,0,"Retail, Wholesale & Distribution",Oct-49,0,0,0,,,,,0,9,1,1,0.0,0,180,2155.92,2197.8,0.0,41.88,0.0,0.0,0.0,1,0,0,100,100,0,8.0,0.25,8.0,8.0,0,1,1.0,1.0,0,0,1
JMAN_2464269,2023-02-03,0,1,0,0,0,1,0,0,0,17,0,0,5,0,Manufacturing & Resources,01-Sep,0,0,0,,,,,0,10,0,0,11.0,0,217,4639.68,,-4640.28,0.6,-1329.84,-2778.48,0.0,1,1,0,100,100,0,3.0,0.5,2.0,3.0,0,0,0.666666667,0.666666667,0,0,1
JMAN_2465336,2023-02-03,0,1,0,0,1,1,0,0,0,17,0,0,6,0,Financial Services,1000 - 4999,0,0,0,,,,,0,0,0,0,20.0,0,0,1259.76,1284.12,0.0,24.36,0.0,0.0,0.0,1,1,1,100,100,0,1.0,0.0,1.0,1.0,0,0,1.0,1.0,0,0,1
JMAN_2466569,2023-02-03,0,1,1,0,0,1,0,0,0,17,1,0,3,0,Technology,Oct-49,0,100,33,,,,,0,0,0,0,14.0,0,118,17407.56,17744.88,0.0,337.32,0.0,0.0,-828.0,1,1,1,100,100,0,21.0,0.0,21.0,21.0,0,1,1.0,1.0,0,0,1
JMAN_2467051,2023-02-03,0,1,1,0,0,1,0,0,0,17,1,0,1,0,Healthcare,250 - 499,0,0,0,,,,,0,0,0,0,14.0,0,536,4091.04,4170.36,0.0,79.32,0.0,0.0,0.0,1,1,1,100,100,0,3.0,0.666666667,3.0,3.0,0,0,1.0,1.0,0,0,1
JMAN_2467128,2023-02-03,0,1,1,0,0,1,0,0,0,17,1,0,3,0,Technology,250 - 499,0,100,50,,,,,0,0,0,0,20.0,1,34,17022.48,17775.48,0.0,753.0,0.0,0.0,0.0,1,1,0,100,100,0,18.0,0.0,18.0,18.0,0,0,1.0,1.0,0,0,1
JMAN_2467540,2023-02-03,0,1,0,0,0,1,0,0,0,17,1,0,1,1,Government,Oct-49,0,0,0,-100.0,-100.0,0.0,0.0,0,8,0,0,3.0,4,11,6130.2,,-6130.2,0.0,0.0,-6130.2,0.0,1,0,0,100,100,0,8.0,0.5,2.0,8.0,0,0,0.25,0.25,0,0,1
JMAN_2467751,2023-02-03,0,1,0,0,0,1,0,0,0,17,1,0,1,0,Corporate Services,Oct-49,0,100,33,,,,,0,9,1,1,0.0,1,117,17533.32,17872.92,0.0,339.6,0.0,0.0,0.0,1,1,1,100,100,0,9.0,0.222222222,9.0,9.0,0,0,1.0,1.0,0,0,1
JMAN_2467880,2023-02-03,0,1,0,0,0,1,0,0,0,17,0,0,3,0,Technology,01-Sep,0,0,0,,,,,0,9,1,1,0.0,0,0,64.92,66.24,0.0,1.32,0.0,0.0,0.0,0,0,0,100,100,0,1.0,0.0,1.0,1.0,0,0,1.0,1.0,0,0,1
JMAN_2469030,2023-02-03,0,1,0,0,0,1,0,0,0,17,0,0,3,0,,01-Sep,0,0,0,,,,,0,0,0,0,20.0,0,106,886.56,925.8,0.0,39.24,0.0,0.0,0.0,1,0,0,100,100,0,4.0,0.25,4.0,4.0,0,0,1.0,1.0,0,0,1
JMAN_2469134,2023-01-13,0,1,0,1,0,0,0,0,1,15,1,0,5,0,Financial Services,01-Sep,0,0,0,,,,,0,6,0,0,4.0,0,91,39600.0,39600.0,0.0,0.0,0.0,0.0,0.0,1,1,1,100,100,0,15.0,0.125,9.0,10.0,0,1,0.533333333,0.9,0,1,1
JMAN_2469141,2023-02-03,0,1,0,0,0,1,0,0,0,17,0,0,3,0,Corporate Services,01-Sep,0,0,0,,,,,0,0,0,0,20.0,0,2,1773.12,1542.96,-296.64,66.48,-296.62,0.0,0.0,1,0,0,100,100,0,6.0,0.0,6.0,6.0,0,0,1.0,1.0,0,0,1
JMAN_2469170,2023-02-03,1,0,0,0,0,1,0,0,0,17,1,0,5,0,Government,Oct-49,0,100,67,,,,,0,0,0,0,20.0,0,36,15618.6,16309.68,0.12,690.96,0.0,0.0,0.0,1,1,1,100,100,0,5.0,0.8,5.0,5.0,1,0,1.0,1.0,0,0,1
JMAN_2469170,2023-03-17,1,0,0,0,0,1,0,0,0,17,1,0,5,0,Government,Oct-49,0,100,50,,,,,0,0,0,0,21.0,0,0,15354.12,16091.64,0.0,737.52,0.0,0.0,0.0,1,1,1,100,100,0,5.0,0.4,5.0,5.0,0,0,1.0,1.0,0,0,1
JMAN_2469242,2023-02-03,0,1,1,0,0,1,0,0,0,17,0,0,1,0,Education,Oct-49,0,0,0,,,,,0,0,0,0,20.0,0,7,3457.68,3610.68,0.0,153.0,0.0,0.0,0.0,1,1,0,100,100,0,6.0,0.0,6.0,6.0,0,0,1.0,1.0,0,0,1
JMAN_2471019,2023-02-03,0,1,0,0,0,1,0,0,0,17,0,0,5,0,Consumer Services,01-Sep,0,0,0,,,,,0,9,1,1,0.0,0,29,64.92,66.24,0.0,1.32,0.0,0.0,0.0,0,0,0,100,100,0,1.0,0.0,1.0,1.0,0,1,1.0,1.0,0,0,1
JMAN_2471162,2023-02-03,0,1,0,0,0,1,0,0,0,17,0,0,6,0,Corporate Services,01-Sep,0,0,0,,,,,0,0,0,0,20.0,0,30,4403.4,4551.84,-23.52,171.96,-875.64,0.0,0.0,1,1,0,100,100,0,4.0,0.25,4.0,4.0,1,0,1.0,1.0,0,0,1
JMAN_2472287,2023-02-03,0,1,0,0,0,1,0,0,0,17,0,0,3,0,,01-Sep,0,0,0,,,,,0,9,1,1,0.0,0,0,132.96,138.84,0.0,5.88,0.0,0.0,0.0,0,0,0,100,100,0,1.0,0.0,1.0,1.0,0,0,1.0,1.0,0,0,1
JMAN_2472306,2023-02-03,0,1,1,0,0,1,0,0,0,17,0,0,4,0,Media & Entertainment,100 - 249,0,0,0,,,,,0,0,0,0,20.0,0,2,221.64,231.48,0.0,9.84,0.0,0.0,0.0,0,0,0,100,100,0,3.0,0.0,2.0,3.0,0,0,0.666666667,0.666666667,0,0,1
JMAN_2472373,2023-01-13,0,1,0,0,0,1,0,0,0,17,0,0,5,0,Technology,01-Sep,0,100,50,,,,,0,0,0,0,19.0,0,1055,4248.0,4956.0,708.0,0.0,708.0,0.0,0.0,1,1,0,100,100,0,5.0,0.2,5.0,5.0,0,1,1.0,1.0,0,0,1
JMAN_2472373,2023-03-03,0,1,0,0,0,1,0,0,0,17,0,0,5,0,Technology,01-Sep,0,100,50,,,,,0,0,0,0,21.0,0,43,4956.0,5796.0,840.0,0.0,0.0,0.0,0.0,1,1,0,100,100,0,7.0,0.166666667,6.0,6.0,0,1,0.857142857,1.0,0,1,1
JMAN_2472640,2023-02-03,1,0,0,0,0,1,0,0,0,17,0,0,3,0,Technology,Oct-49,0,0,0,100.0,100.0,9.5,9.7,0,0,0,0,20.0,0,37,3103.08,3240.36,0.0,137.28,0.0,0.0,0.0,1,0,0,100,100,0,14.0,0.071428571,14.0,14.0,0,1,1.0,1.0,0,0,1
JMAN_2473180,2023-02-03,0,1,0,0,0,1,0,0,0,17,0,0,3,0,Manufacturing & Resources,01-Sep,0,0,0,,,,,0,0,0,0,14.0,0,57,2324.88,2899.44,520.56,54.0,0.0,0.0,0.0,1,1,1,100,100,0,1.0,1.0,1.0,1.0,0,0,1.0,1.0,0,0,1
JMAN_2473478,2023-02-03,1,0,0,0,0,1,0,0,0,17,0,0,5,0,Energy & Utilities,Oct-49,0,0,0,,,,,0,0,0,0,20.0,0,37,5844.48,6619.56,649.32,125.76,649.3866667,0.0,0.0,1,0,0,100,100,0,18.0,0.111111111,18.0,18.0,0,1,1.0,1.0,0,0,1
JMAN_2473478,2023-02-24,1,0,0,0,0,1,0,0,0,17,0,0,5,0,Energy & Utilities,Oct-49,0,0,0,,,,,0,0,0,0,20.0,1,50,6493.8,6619.56,0.0,125.76,0.0,0.0,0.0,1,0,0,100,100,0,18.0,0.0,18.0,18.0,0,1,1.0,1.0,0,0,1
JMAN_2473570,2023-02-03,0,1,0,0,0,1,0,0,0,17,1,0,7,0,Technology,Oct-49,0,0,0,,,,,0,10,0,0,11.0,0,39,3324.84,3389.28,0.0,64.44,0.0,0.0,0.0,1,1,1,100,100,0,2.0,0.5,2.0,2.0,0,0,1.0,1.0,0,0,1
JMAN_2473799,2023-02-03,0,1,0,0,0,1,0,0,0,17,0,0,5,0,Corporate Services,01-Sep,0,0,0,,,,,0,10,0,0,5.0,0,30,221.64,462.96,226.32,15.0,226.2,0.0,0.0,1,0,0,100,100,0,1.0,0.0,1.0,1.0,0,1,1.0,1.0,0,0,1
JMAN_2473957,2023-02-03,1,0,0,0,0,1,0,0,0,17,1,0,2,0,Transportation,Oct-49,0,0,0,,,,,0,0,0,0,20.0,0,64,5428.8,6831.36,1296.6,105.96,0.0,1296.6,0.0,1,0,0,100,100,0,22.0,0.047619048,21.0,22.0,0,1,0.954545455,0.954545455,0,0,1
JMAN_2474547,2023-03-31,0,1,0,0,0,0,0,0,1,17,0,0,4,0,Technology,01-Sep,0,0,0,,,,,0,11,0,0,6.0,0,162,900.0,,-900.0,0.0,0.0,-900.0,0.0,1,0,0,100,100,0,2.0,1.0,1.0,1.0,0,0,0.5,1.0,0,1,1
JMAN_2475042,2023-01-13,1,0,0,0,0,1,0,0,0,16,0,0,5,0,Technology,01-Sep,0,0,0,,,,,0,5,0,0,3.0,0,6,1632.0,3456.0,1824.0,0.0,984.0,0.0,0.0,1,1,1,100,100,0,3.0,0.0,3.0,3.0,0,1,1.0,1.0,0,0,1
JMAN_2475069,2023-02-03,0,1,0,0,0,1,0,0,0,16,1,0,7,0,Technology,Oct-49,0,0,0,,,,,0,0,0,0,14.0,0,66,8481.0,8645.16,0.0,164.16,0.0,0.0,0.0,1,1,1,100,100,0,1.0,1.0,1.0,1.0,0,0,1.0,1.0,0,0,1
JMAN_2475275,2023-02-03,0,1,0,0,0,1,0,0,0,17,0,0,5,0,"Retail, Wholesale & Distribution",01-Sep,0,0,0,,,,,0,0,0,0,20.0,0,93,649.44,661.92,0.0,12.48,0.0,0.0,0.0,1,0,0,100,100,0,2.0,0.0,2.0,2.0,0,1,1.0,1.0,0,0,1
JMAN_2475820,2023-02-03,0,1,0,0,0,1,0,0,0,17,0,0,5,0,Technology,01-Sep,0,0,0,,,,,0,9,1,1,0.0,0,1,221.64,231.48,0.0,9.84,0.0,0.0,0.0,1,0,0,100,100,0,1.0,0.0,1.0,1.0,0,0,1.0,1.0,0,0,1
JMAN_2476017,2023-02-03,0,1,0,0,0,1,0,0,0,17,1,0,1,0,Transportation,Oct-49,0,100,33,,,,,0,0,0,0,20.0,0,42,9234.24,9413.04,0.0,178.8,0.0,0.0,0.0,1,1,0,100,100,0,9.0,0.555555556,9.0,9.0,0,0,1.0,1.0,0,0,1
JMAN_2476052,2023-02-03,0,1,0,0,0,1,0,0,0,17,0,0,3,0,Technology,01-Sep,0,0,0,,,,,0,9,1,1,0.0,0,6,221.64,231.48,0.0,9.84,0.0,0.0,0.0,0,0,0,100,100,0,3.0,0.0,3.0,3.0,0,0,1.0,1.0,0,0,1
JMAN_2476115,2023-02-03,0,1,0,0,0,1,0,0,0,17,1,0,1,0,Corporate Services,01-Sep,0,0,0,0.0,0.0,8.0,8.0,0,0,0,0,20.0,0,87,8865.84,9258.12,0.0,392.28,0.0,0.0,0.0,1,1,1,100,100,0,5.0,0.2,5.0,5.0,0,0,1.0,1.0,0,0,1
JMAN_2476152,2023-02-03,0,1,0,0,0,1,0,0,0,17,0,0,1,0,Consumer Services,01-Sep,0,0,0,,,,,0,9,1,1,0.0,0,100,2334.72,2437.92,0.0,103.2,0.0,0.0,0.0,1,1,0,100,100,0,2.0,0.5,2.0,2.0,0,1,1.0,1.0,0,0,1
JMAN_2476809,2023-02-03,0,1,0,0,0,1,0,0,0,17,0,0,5,0,Manufacturing & Resources,Oct-49,0,0,0,,,,,0,0,0,0,14.0,0,25,1844.28,1880.04,0.0,35.76,0.0,0.0,0.0,1,1,0,100,100,0,2.0,0.5,2.0,2.0,0,1,1.0,1.0,0,0,1
JMAN_2477855,2023-02-03,0,1,0,0,0,1,0,0,0,17,0,0,5,0,"Retail, Wholesale & Distribution",01-Sep,0,0,0,-100.0,-100.0,3.0,3.0,0,9,1,1,0.0,0,9,1039.08,1059.24,0.0,20.16,0.0,0.0,0.0,1,1,0,100,100,0,4.0,0.0,3.0,4.0,0,1,0.75,0.75,0,0,1
JMAN_2478294,2023-02-03,0,1,0,0,0,1,0,0,0,17,0,0,5,0,Corporate Services,01-Sep,0,0,0,,,,,0,9,1,1,0.0,0,14,324.72,330.96,0.0,6.24,0.0,0.0,0.0,0,0,0,100,100,0,5.0,0.2,5.0,5.0,1,0,1.0,1.0,0,0,1
JMAN_2478316,2023-02-03,1,0,0,0,0,1,0,0,0,17,1,0,1,0,"Retail, Wholesale & Distribution",Oct-49,0,0,0,,,,,0,0,0,0,20.0,0,259,32394.36,33561.36,530.28,636.72,-5856.76,0.0,-2555.4,1,1,1,100,100,0,18.0,0.555555556,18.0,18.0,0,0,1.0,1.0,0,0,1
JMAN_2478377,2023-02-03,0,1,1,0,0,1,0,0,0,16,0,0,6,0,Financial Services,250 - 499,0,0,0,-100.0,-100.0,1.0,1.0,0,0,0,0,20.0,0,0,740.28,2541.96,1753.32,48.36,0.0,0.0,0.0,1,0,0,100,100,0,3.0,0.0,2.0,2.0,0,1,0.666666667,1.0,0,1,1
JMAN_2478377,2023-02-17,0,1,1,0,0,1,0,0,0,16,0,0,6,0,Financial Services,250 - 499,0,0,0,-100.0,-100.0,1.0,1.0,0,0,0,0,20.0,0,0,2493.6,2541.96,0.0,48.36,0.0,0.0,0.0,1,1,0,100,100,0,3.0,0.0,2.0,2.0,0,0,0.666666667,1.0,0,1,1
JMAN_2478556,2023-03-31,0,1,0,0,0,0,0,0,1,13,1,0,1,0,Consumer Services,01-Sep,0,100,6,,-100.0,,0.0,0,7,0,0,12.0,0,222,20835.0,26055.0,5220.0,0.0,4808.076923,0.0,-1785.0,1,1,1,-178400,100,0,20.0,0.466666667,15.0,20.0,0,1,0.75,0.75,0,0,1
JMAN_2478576,2023-03-24,0,1,0,0,0,0,0,0,1,17,1,0,1,0,Technology,01-Sep,0,0,0,0.0,0.0,8.0,8.0,0,10,0,0,12.0,0,22,7500.0,8940.0,1440.0,0.0,0.0,0.0,0.0,1,1,0,100,100,0,5.0,0.6,5.0,9.0,0,1,1.0,0.555555556,1,0,1
JMAN_2478834,2023-02-03,0,1,0,0,0,1,0,0,0,17,0,0,3,0,"Retail, Wholesale & Distribution",Oct-49,0,0,0,,,,,0,0,0,0,14.0,0,57,2272.8,2316.84,0.0,44.04,0.0,0.0,0.0,1,0,0,100,100,0,7.0,0.0,6.0,7.0,0,1,1.0,0.857142857,1,0,1
JMAN_2478859,2023-01-27,1,0,0,0,0,0,0,0,1,17,0,0,3,0,Manufacturing & Resources,50 - 99,0,0,0,,,,,0,8,0,0,10.0,0,84,1596.0,1596.0,0.0,0.0,0.0,0.0,0.0,1,0,0,100,100,0,6.0,0.166666667,6.0,6.0,0,0,1.0,1.0,0,0,1
JMAN_2479290,2023-03-03,0,1,0,0,0,0,0,0,1,17,0,0,5,0,Manufacturing & Resources,Oct-49,0,0,0,,,,,1,11,0,0,12.0,1,138,3696.0,4836.0,1140.0,0.0,1140.0,0.0,0.0,1,0,0,100,100,0,14.0,0.214285714,14.0,14.0,0,1,1.0,1.0,0,0,1
JMAN_2479290,2023-03-17,0,1,0,0,0,0,0,0,1,17,0,0,5,0,Manufacturing & Resources,Oct-49,0,0,0,,,,,0,10,0,0,12.0,0,170,3924.0,4836.0,912.0,0.0,912.0,0.0,0.0,1,0,0,100,100,0,14.0,0.2,14.0,14.0,0,1,1.0,1.0,0,0,1
JMAN_2479657,2023-01-20,0,1,0,0,0,1,0,0,0,16,0,0,5,0,Corporate Services,01-Sep,0,0,0,,,,,0,0,0,0,19.0,0,14,1800.0,1800.0,0.0,0.0,0.0,0.0,0.0,1,0,0,100,100,0,6.0,0.0,5.0,5.0,0,1,0.833333333,1.0,0,1,1
JMAN_2479794,2023-02-03,1,0,0,0,0,1,0,0,0,17,1,0,6,1,"Retail, Wholesale & Distribution",Oct-49,0,0,0,,,,,1,9,1,1,0.0,3,2452,39936.0,39936.0,0.0,0.0,0.0,0.0,0.0,1,1,0,0,100,0,52.0,0.904761905,42.0,42.0,0,0,0.807692308,1.0,0,1,1
JMAN_2479861,2023-02-03,1,0,0,0,0,1,0,0,0,15,1,0,3,0,"Retail, Wholesale & Distribution",100 - 249,0,0,0,,,,,0,0,0,0,14.0,0,352,1740.36,1774.08,0.0,33.72,0.0,0.0,0.0,1,1,0,100,100,0,2.0,0.5,2.0,2.0,0,0,1.0,1.0,0,0,1
JMAN_2480393,2023-02-03,0,1,0,0,0,1,0,0,0,17,0,0,6,0,Corporate Services,Oct-49,0,0,0,,,,,0,0,0,0,20.0,0,39,2026.08,2488.92,416.52,46.32,0.0,0.0,0.0,1,1,0,100,100,0,2.0,0.0,1.0,2.0,0,1,0.5,0.5,0,0,1
JMAN_2480951,2023-02-03,0,1,0,0,0,1,0,0,0,17,0,0,5,0,Consumer Services,01-Sep,0,0,0,,,,,0,9,1,1,0.0,0,21,591.0,617.16,0.0,26.16,0.0,0.0,0.0,1,0,0,100,100,0,2.0,0.5,2.0,2.0,0,0,1.0,1.0,0,0,1
JMAN_2481205,2023-01-13,0,1,0,1,0,1,0,0,0,16,1,0,2,0,Technology,5000+,0,0,0,,,,,0,0,0,0,19.0,0,60,4502.52,4555.32,0.0,52.8,0.0,0.0,0.0,1,1,1,0,100,0,2.0,0.5,2.0,2.0,0,0,1.0,1.0,0,0,1
JMAN_2481205,2023-02-03,0,1,0,1,0,1,0,0,0,16,1,0,2,0,Technology,5000+,0,0,0,,,,,0,0,0,0,20.0,0,65,4545.72,4633.68,0.0,87.96,0.0,0.0,0.0,1,1,1,0,100,0,2.0,0.5,2.0,2.0,0,0,1.0,1.0,0,0,1
JMAN_2481216,2023-02-03,0,1,0,0,0,0,1,0,0,17,0,0,3,0,Technology,01-Sep,0,0,0,,,,,0,9,0,0,11.0,0,49,7757.52,8100.84,0.0,343.32,0.0,0.0,0.0,1,1,0,100,100,0,7.0,0.0,6.0,7.0,0,0,0.857142857,0.857142857,0,0,1
JMAN_2481522,2023-02-17,0,1,0,0,0,0,0,0,1,17,1,0,4,0,Corporate Services,Oct-49,0,50,40,,,,,0,10,0,0,11.0,0,3333,55056.0,55056.0,0.0,0.0,0.0,0.0,0.0,1,1,1,100,100,0,37.0,0.058823529,34.0,34.0,0,1,0.918918919,1.0,0,1,1
JMAN_2482561,2023-02-03,0,1,0,0,0,1,0,0,0,17,0,0,5,0,Technology,01-Sep,0,0,0,,,,,0,8,0,0,3.0,0,35,64.92,66.24,0.0,1.32,0.0,0.0,0.0,0,0,0,100,100,0,1.0,0.0,1.0,1.0,0,1,1.0,1.0,0,0,1
JMAN_2483334,2023-03-03,0,1,0,0,0,0,0,0,1,17,0,0,5,0,Manufacturing & Resources,Oct-49,0,0,0,,,,,0,11,0,0,12.0,0,112,10512.0,10512.0,0.0,0.0,0.0,0.0,0.0,1,1,0,100,100,0,11.0,0.2,10.0,10.0,0,1,0.909090909,1.0,0,1,1
JMAN_54374,2023-02-03,0,1,1,0,0,1,0,0,0,16,1,0,1,0,Technology,500 - 999,0,0,0,,,,,0,0,0,0,20.0,0,6,11968.92,,-12280.44,9841.08,0.0,0.0,0.0,1,1,1,100,100,0,9.0,0.125,8.0,9.0,0,0,0.888888889,0.888888889,0,0,1
JMAN_9000240,2023-02-03,0,1,0,0,0,1,0,0,0,17,0,0,5,0,Technology,01-Sep,0,0,0,,,,,0,9,1,1,0.0,0,0,441.48,450.12,0.0,8.64,0.0,0.0,0.0,1,1,0,100,100,0,1.0,0.0,1.0,1.0,0,0,1.0,1.0,0,0,1
JMAN_9000512,2023-02-03,1,0,0,0,0,1,0,0,0,17,1,0,4,0,"Retail, Wholesale & Distribution",Oct-49,0,0,0,,100.0,,9.0,0,0,0,0,20.0,0,116,12312.24,12550.8,0.0,238.56,0.0,0.0,0.0,1,1,0,100,130,0,12.0,0.0,14.0,14.0,0,0,1.0,1.0,0,0,1
JMAN_9000568,2023-02-03,1,0,0,0,0,0,0,0,1,17,1,0,5,0,Transportation,50 - 99,0,0,0,,,,,0,10,0,0,5.0,1,158,15996.0,15996.0,0.0,0.0,0.0,0.0,0.0,1,1,0,100,100,0,16.0,0.0625,16.0,16.0,0,1,1.0,1.0,0,0,1
JMAN_9000609,2023-02-03,1,0,0,0,0,1,0,0,0,17,1,0,4,0,Manufacturing & Resources,Oct-49,0,100,8,100.0,100.0,10.0,10.0,0,0,0,0,20.0,4,89,14702.52,11973.72,-3236.04,507.24,-1758.384,0.0,0.0,1,1,1,100,100,0,5.0,0.0,5.0,5.0,0,1,1.0,1.0,0,0,1
JMAN_9000773,2023-02-17,0,1,0,0,0,0,0,0,1,17,1,0,2,0,Technology,01-Sep,0,100,36,,,,,1,11,0,0,5.0,0,9,7812.0,8400.0,588.0,0.0,588.0,0.0,0.0,1,1,0,100,100,0,7.0,0.0,3.0,3.0,0,1,0.428571429,1.0,0,1,1
JMAN_9000902,2023-02-03,1,0,0,0,0,1,0,0,0,17,1,0,1,0,Technology,Oct-49,0,0,0,,-100.0,,6.0,0,9,1,1,0.0,22,25,4669.32,4875.96,0.0,206.64,0.0,0.0,0.0,1,1,0,100,100,0,4.0,0.0,3.0,4.0,0,0,0.75,0.75,0,0,1
JMAN_9001218,2023-02-03,0,1,0,0,0,1,0,0,0,17,0,0,5,0,,Oct-49,0,0,0,,,,,0,9,1,1,0.0,0,12,1948.08,1985.88,0.0,37.8,0.0,0.0,0.0,1,0,0,100,100,0,6.0,0.166666667,6.0,6.0,0,1,1.0,1.0,0,0,1
JMAN_9001220,2023-01-20,0,1,0,0,0,0,0,0,1,16,0,0,3,0,Manufacturing & Resources,01-Sep,0,0,33,,,,,0,8,0,0,10.0,0,78,5340.0,5340.0,0.0,0.0,0.0,0.0,0.0,1,1,0,100,100,0,4.0,0.25,4.0,4.0,0,1,1.0,1.0,0,0,1
JMAN_9002159,2023-02-03,0,1,0,0,0,1,0,0,0,16,1,0,5,0,Media & Entertainment,Oct-49,0,100,25,,,,,0,0,0,0,14.0,0,59,17013.72,17343.36,0.0,329.64,0.0,0.0,0.0,1,1,1,100,100,0,5.0,0.25,5.0,5.0,0,1,0.8,1.0,0,1,1
JMAN_9002379,2023-03-24,1,0,0,0,0,1,0,0,0,17,1,0,1,0,Technology,Oct-49,0,67,33,,,,,0,0,0,0,21.0,0,13,12324.0,15859.68,3535.68,0.0,1896.0,0.0,0.0,1,1,0,100,100,0,12.0,0.416666667,12.0,12.0,0,1,1.0,1.0,0,0,1
JMAN_9002599,2023-02-03,0,1,0,0,0,1,0,0,0,17,0,0,2,0,Technology,Oct-49,0,0,0,,,,,0,9,1,1,0.0,0,1,64.92,66.24,0.0,1.32,0.0,0.0,0.0,0,0,0,100,100,0,1.0,0.0,1.0,1.0,0,0,1.0,1.0,0,0,1
JMAN_9002897,2023-02-03,0,1,0,0,0,1,0,0,0,17,1,0,1,0,Technology,Oct-49,0,100,25,,,,,0,9,1,1,0.0,2,557,5143.08,5242.68,0.0,99.6,0.0,0.0,0.0,1,1,0,100,100,0,4.0,0.25,4.0,4.0,0,1,1.0,1.0,0,0,1
JMAN_9003225,2023-02-03,1,0,0,0,0,1,0,0,0,17,1,0,4,0,Technology,Oct-49,0,100,50,,,,,0,8,0,0,3.0,0,57,13922.76,27537.48,13144.44,470.28,0.0,0.0,0.0,1,1,0,100,100,0,8.0,0.0,8.0,8.0,0,1,1.0,1.0,0,0,1
JMAN_9003424,2023-02-03,1,0,0,0,0,1,0,0,0,17,1,0,1,0,Media & Entertainment,100 - 249,0,0,0,,,,,0,0,0,0,20.0,44,167,12412.2,12961.32,0.0,549.12,0.0,0.0,0.0,1,1,1,100,100,0,7.0,0.714285714,7.0,7.0,1,0,1.0,1.0,0,0,1
JMAN_9003431,2023-02-24,1,0,0,0,0,1,0,0,0,17,0,0,3,0,Technology,Oct-49,0,0,0,,,,,0,0,0,0,14.0,0,191,6900.0,6900.0,0.0,0.0,0.0,0.0,0.0,1,0,0,100,100,0,23.0,0.045454545,22.0,22.0,0,1,0.956521739,1.0,0,1,1
JMAN_9003564,2023-02-03,1,0,0,0,0,1,0,0,0,17,0,0,6,0,Technology,Oct-49,0,0,0,,,,,0,0,0,0,14.0,0,65,4000.2,4077.6,0.0,77.4,0.0,0.0,0.0,1,1,0,100,100,0,7.0,0.142857143,7.0,7.0,0,1,1.0,1.0,0,0,1
JMAN_9003668,2023-02-03,0,1,0,0,1,1,0,0,0,17,0,0,6,0,Transportation,1000 - 4999,0,0,0,,,,,0,0,0,0,20.0,0,0,5688.6,5798.76,0.0,110.16,0.0,0.0,0.0,1,1,0,100,100,0,6.0,0.0,6.0,6.0,0,0,1.0,1.0,0,0,1
JMAN_9003814,2023-02-03,1,0,0,0,0,1,0,0,0,17,0,0,3,0,Financial Services,Oct-49,0,0,0,,,,,0,0,0,0,20.0,0,14,3246.84,3309.84,0.0,63.0,0.0,0.0,0.0,1,0,0,100,100,0,10.0,0.0,9.0,10.0,0,1,0.9,0.9,0,0,1
JMAN_9005027,2023-02-03,0,1,0,0,0,1,0,0,0,17,0,0,3,0,Manufacturing & Resources,Oct-49,0,0,0,,,,,0,0,0,0,20.0,0,5,2748.36,2869.92,0.0,121.56,0.0,0.0,0.0,1,1,0,100,100,0,3.0,0.0,4.0,3.0,0,0,1.0,1.0,0,0,1
JMAN_9006660,2023-02-03,1,0,0,0,0,1,0,0,0,16,1,0,5,0,Manufacturing & Resources,100 - 249,0,100,14,,,,,0,0,0,0,20.0,0,46,9402.96,9585.12,0.0,182.16,0.0,0.0,0.0,1,1,1,100,100,0,3.0,0.333333333,2.0,3.0,0,1,1.0,0.666666667,1,0,1
JMAN_9007138,2023-02-03,0,1,0,0,0,1,0,0,0,17,0,0,3,0,,01-Sep,0,0,0,,,,,0,8,0,0,3.0,0,0,194.76,198.6,0.0,3.84,0.0,0.0,0.0,0,0,0,100,100,0,3.0,0.0,3.0,3.0,0,0,1.0,1.0,0,0,1
JMAN_9007298,2023-02-03,0,1,0,0,0,1,0,0,0,17,0,0,2,0,Non-Profits & Associations,01-Sep,0,0,0,,,,,0,9,1,1,0.0,0,35,493.56,503.04,0.0,9.48,0.0,0.0,0.0,1,0,0,100,100,0,2.0,0.0,2.0,2.0,0,0,1.0,1.0,0,0,1
JMAN_9008035,2023-02-03,0,1,0,0,0,1,0,0,0,14,1,0,2,0,Transportation,Oct-49,0,100,43,,,,,0,0,0,0,14.0,0,120,6169.44,,-6039.93,-129.51,-4071.573333,-1803.72,-583.56,1,1,0,100,100,0,9.0,0.0,9.0,9.0,0,1,0.888888889,1.0,0,1,1
JMAN_9008192,2023-02-03,1,0,0,0,0,1,0,0,0,17,0,0,3,0,Corporate Services,50 - 99,0,0,0,,,,,0,0,0,0,20.0,0,0,3989.64,10415.4,5984.4,441.36,5984.46,0.0,0.0,1,1,0,100,100,0,6.0,0.0,6.0,6.0,0,0,1.0,1.0,0,0,1
JMAN_9008192,2023-02-10,1,0,0,0,0,1,0,0,0,17,0,0,3,0,Corporate Services,50 - 99,0,0,0,,,,,0,0,0,0,20.0,0,2,9974.04,10415.4,0.0,441.36,0.0,0.0,0.0,1,1,0,100,100,0,15.0,0.0,6.0,6.0,0,0,0.4,1.0,0,1,1
JMAN_9008366,2023-02-03,1,0,0,0,0,1,0,0,0,17,1,0,1,0,Technology,Oct-49,0,75,33,,,,,0,9,1,1,0.0,9,12386,64938.0,42630.12,-23565.72,1257.84,-19522.512,0.0,0.0,1,1,0,100,100,0,40.0,0.58974359,35.0,40.0,0,1,0.975,0.875,1,0,1
JMAN_9008468,2023-02-03,0,1,0,0,0,1,0,0,0,17,0,0,5,0,Manufacturing & Resources,01-Sep,0,0,0,,,,,0,0,0,0,20.0,0,1,623.28,635.52,0.0,12.24,0.0,0.0,0.0,1,1,0,100,100,0,1.0,0.0,1.0,1.0,0,0,1.0,1.0,0,0,1
JMAN_9008538,2023-02-03,0,1,1,0,0,1,0,0,0,17,1,0,2,0,Manufacturing & Resources,100 - 249,0,100,100,,,,,0,0,0,0,14.0,0,15,6363.96,6487.2,0.0,123.24,0.0,0.0,0.0,1,1,0,100,100,0,10.0,0.0,10.0,10.0,0,1,1.0,1.0,0,0,1
JMAN_9008932,2023-02-03,0,1,0,0,0,1,0,0,0,17,0,0,4,0,Technology,01-Sep,0,0,0,,,,,0,9,1,1,0.0,0,3,571.44,661.92,79.38,11.1,0.0,0.0,0.0,1,1,0,100,100,0,1.0,0.0,1.0,1.0,0,0,1.0,1.0,0,0,1
JMAN_9014120,2023-02-03,0,1,0,0,0,1,0,0,0,17,0,0,1,0,Manufacturing & Resources,Oct-49,0,0,0,,,,,0,0,0,0,20.0,0,0,857.04,1944.24,1028.64,58.56,437.4,0.0,0.0,1,1,0,100,100,0,2.0,0.0,2.0,2.0,0,0,1.0,1.0,0,0,1
JMAN_9014680,2023-02-03,0,1,0,0,0,1,0,0,0,16,1,0,2,0,"Retail, Wholesale & Distribution",Oct-49,0,0,0,,,,,0,0,0,0,14.0,0,90,1727.4,1760.76,0.0,33.36,0.0,0.0,0.0,1,0,0,100,100,0,7.0,0.142857143,7.0,7.0,0,1,1.0,1.0,0,0,1
JMAN_9015281,2023-02-03,0,1,0,0,0,1,0,0,0,17,0,0,5,0,Energy & Utilities,Oct-49,0,0,0,,,,,0,0,0,0,20.0,0,0,251.28,262.32,0.0,11.04,0.0,0.0,0.0,1,0,0,100,100,0,1.0,0.0,2.0,1.0,0,0,1.0,1.0,0,0,1
JMAN_9015478,2023-02-03,0,1,0,0,0,1,0,0,0,17,0,0,2,0,Government,01-Sep,0,0,0,,,,,0,9,1,1,0.0,0,2,73.92,77.16,0.0,3.24,0.0,0.0,0.0,0,0,0,100,100,0,1.0,0.0,1.0,1.0,0,0,1.0,1.0,0,0,1
JMAN_9016506,2023-02-03,0,1,0,0,0,1,0,0,0,17,0,0,6,0,Technology,Oct-49,0,0,0,,,,,0,0,0,0,14.0,0,69,8532.84,8698.08,0.0,165.24,0.0,0.0,0.0,1,1,0,100,100,0,9.0,0.333333333,9.0,9.0,0,1,1.0,1.0,0,0,1
JMAN_9018166,2023-01-27,0,1,0,0,0,1,0,0,0,17,0,0,5,0,Media & Entertainment,Oct-49,0,0,0,,,,,0,0,0,0,13.0,0,12,864.0,864.0,0.0,0.0,0.0,0.0,0.0,0,0,0,100,100,0,8.0,0.0,7.0,7.0,0,0,0.875,1.0,0,1,1
JMAN_9018253,2023-02-03,0,1,0,0,0,1,0,0,0,17,0,0,4,0,Technology,01-Sep,0,0,0,,,,,0,0,0,0,20.0,675,1817,3354.24,3502.68,0.0,148.44,0.0,0.0,0.0,1,1,0,100,100,0,1.0,1.0,1.0,1.0,0,0,1.0,1.0,0,0,1
JMAN_9019580,2023-02-03,0,1,1,0,0,1,0,0,0,17,1,0,2,0,Technology,250 - 499,0,0,0,,,,,0,0,0,0,20.0,0,94,2961.12,3018.48,0.0,57.36,0.0,0.0,0.0,1,0,0,100,100,0,12.0,0.0,9.0,12.0,0,0,0.75,0.75,0,0,1
JMAN_9019742,2023-02-03,0,1,0,0,0,1,0,0,0,17,1,0,3,0,"Retail, Wholesale & Distribution",Oct-49,0,100,50,,100.0,,10.0,0,8,0,0,3.0,0,0,11437.08,7992.72,-3881.4,437.04,-6003.84,0.0,0.0,1,1,1,100,100,0,1.0,0.0,1.0,1.0,0,0,1.0,1.0,0,0,1
JMAN_9020100,2023-02-03,0,1,0,0,0,1,0,0,0,17,0,0,5,0,Manufacturing & Resources,Oct-49,0,100,20,,,,,0,0,0,0,20.0,0,52,974.04,1191.48,195.84,21.6,195.912,0.0,0.0,0,0,0,100,100,0,15.0,0.0,15.0,15.0,0,1,0.933333333,1.0,0,1,1
JMAN_9020722,2023-02-03,1,0,0,0,0,1,0,0,0,17,0,0,3,0,Corporate Services,100 - 249,0,0,0,,,,,0,9,1,1,0.0,0,0,324.72,330.96,0.0,6.24,0.0,0.0,0.0,0,0,0,100,100,0,5.0,0.0,5.0,5.0,0,0,1.0,1.0,0,0,1
JMAN_9021157,2023-02-03,0,1,0,0,1,1,0,0,0,17,1,0,5,0,"Retail, Wholesale & Distribution",5000+,0,0,0,,,,,0,9,1,1,0.0,0,310,13239.6,13825.32,0.0,585.72,0.0,0.0,0.0,1,1,1,100,100,0,4.0,0.25,4.0,4.0,1,0,1.0,1.0,0,0,1
JMAN_9022039,2023-01-20,1,0,0,0,0,0,0,0,1,15,1,0,1,0,Non-Profits & Associations,100 - 249,0,100,25,,,,,0,7,0,0,4.0,0,139,43956.0,45144.0,1188.0,0.0,1188.0,0.0,0.0,1,1,0,100,100,0,36.0,0.055555556,35.0,35.0,0,1,1.0,1.0,0,0,1
JMAN_9022039,2023-01-27,1,0,0,0,0,0,0,0,1,15,1,0,1,0,Non-Profits & Associations,100 - 249,0,100,25,,,,,0,6,0,0,4.0,0,129,45144.0,45144.0,0.0,0.0,0.0,0.0,0.0,1,1,0,100,100,0,37.0,0.054054054,36.0,36.0,0,1,1.0,1.0,0,0,1
JMAN_9022776,2023-02-03,0,1,0,0,0,1,0,0,0,17,0,0,4,0,"Retail, Wholesale & Distribution",01-Sep,0,0,0,100.0,100.0,10.0,10.0,0,0,0,0,14.0,1,179,1896.24,1932.96,0.0,36.72,0.0,0.0,0.0,1,1,0,100,100,0,2.0,0.5,2.0,2.0,0,0,1.0,1.0,0,0,1
JMAN_9023427,2023-02-03,0,1,0,0,0,1,0,0,0,17,0,0,5,0,Technology,01-Sep,0,0,0,,,,,0,9,1,1,0.0,0,0,73.92,77.16,0.0,3.24,0.0,0.0,0.0,0,0,0,100,100,0,1.0,0.0,1.0,1.0,0,0,1.0,1.0,0,0,1
JMAN_9023808,2023-03-03,1,0,0,0,0,1,0,0,0,17,0,0,4,0,Manufacturing & Resources,50 - 99,0,0,0,,,,,0,7,0,0,4.0,0,254,720.0,720.0,0.0,0.0,0.0,0.0,0.0,0,0,0,100,100,0,11.0,0.272727273,11.0,11.0,0,1,1.0,1.0,0,0,1
JMAN_9026296,2023-02-03,0,1,0,1,0,1,0,0,0,17,0,0,5,0,Media & Entertainment,5000+,0,100,100,,,,,0,0,0,0,20.0,0,42,7143.12,6619.56,-640.56,117.0,-640.5709091,0.0,0.0,1,0,0,100,100,0,22.0,0.047619048,21.0,22.0,0,1,0.954545455,0.954545455,0,0,1
JMAN_9026440,2023-02-03,0,1,0,0,0,1,0,0,0,17,0,0,5,0,Technology,01-Sep,0,100,100,,,,,0,0,0,0,14.0,0,0,1480.56,1509.24,0.0,28.68,0.0,0.0,0.0,1,1,0,100,100,0,3.0,0.0,3.0,3.0,0,0,1.0,1.0,0,0,1
JMAN_9026918,2023-02-03,0,1,0,0,0,1,0,0,0,17,0,0,5,0,Media & Entertainment,01-Sep,0,0,0,,,,,0,8,0,0,3.0,0,0,73.92,77.16,0.0,3.24,0.0,0.0,0.0,0,0,0,100,100,0,1.0,0.0,1.0,1.0,0,0,1.0,1.0,0,0,1
JMAN_9029729,2023-02-03,0,1,0,0,0,1,0,0,0,17,0,0,2,0,Technology,01-Sep,0,100,50,,,,,0,0,0,0,14.0,0,321,3467.76,3534.72,0.0,66.96,0.0,0.0,0.0,1,1,0,100,100,0,3.0,0.333333333,3.0,3.0,0,1,1.0,1.0,0,0,1
JMAN_9030043,2023-02-17,1,0,0,0,0,1,0,0,0,17,0,0,4,0,Technology,Oct-49,0,0,0,,,,,0,0,0,0,20.0,3,16,18360.0,19440.0,1080.0,0.0,1080.0,0.0,0.0,1,1,0,100,100,0,16.0,0.0,16.0,16.0,0,1,1.0,1.0,0,0,1
JMAN_9031054,2023-02-03,0,1,0,0,0,1,0,0,0,17,0,0,1,0,Consumer Services,Oct-49,0,0,0,,,,,0,0,0,0,14.0,0,0,2571.12,3888.36,1182.48,134.76,0.0,0.0,0.0,1,1,0,100,100,0,6.0,0.333333333,6.0,6.0,0,0,1.0,1.0,0,0,1
JMAN_9031935,2023-02-03,1,0,0,0,0,1,0,0,0,16,0,0,1,0,Technology,Oct-49,0,100,25,-100.0,-100.0,1.0,1.0,0,0,0,0,13.0,701,240,20572.32,28834.92,7724.64,537.96,7724.559714,0.0,0.0,1,1,0,100,100,0,16.0,0.285714286,14.0,16.0,0,1,0.875,0.875,0,0,1
JMAN_9031935,2023-02-24,1,0,0,0,0,1,0,0,0,16,0,0,1,0,Technology,Oct-49,0,100,25,-100.0,-100.0,1.0,1.0,0,0,0,0,13.0,695,203,25715.4,28834.92,2581.56,537.96,2581.479714,0.0,0.0,1,1,0,100,100,0,20.0,0.214285714,14.0,16.0,0,1,0.7,0.875,0,1,1
JMAN_9031987,2023-03-24,1,0,0,0,0,0,1,0,0,15,1,0,4,0,"Retail, Wholesale & Distribution",100 - 249,0,100,14,,,,,0,2,0,0,3.0,0,20,63840.0,77760.0,13920.0,0.0,0.0,0.0,0.0,1,1,1,100,100,0,38.0,0.342105263,38.0,38.0,0,1,1.0,1.0,0,0,1
JMAN_9032079,2023-02-03,0,1,0,0,0,1,0,0,0,17,0,0,6,0,Technology,Oct-49,0,0,0,,,,,0,9,1,1,0.0,0,0,1662.48,1694.52,0.0,32.04,0.0,0.0,0.0,1,1,1,100,100,0,1.0,0.0,1.0,1.0,0,0,1.0,1.0,0,0,1
JMAN_9032708,2023-03-31,0,1,0,0,0,0,0,0,1,13,0,0,5,0,Technology,Oct-49,0,0,0,,,,,0,7,0,0,12.0,0,89,816.0,816.0,0.0,0.0,0.0,0.0,0.0,1,0,0,100,100,0,7.0,0.142857143,7.0,7.0,0,1,1.0,1.0,0,0,1
JMAN_9033523,2023-02-03,0,1,0,0,0,1,0,0,0,13,1,0,4,0,Media & Entertainment,01-Sep,0,0,0,,,,,0,0,0,0,20.0,0,6,2571.6,2621.4,0.0,49.8,0.0,0.0,0.0,1,1,1,100,100,0,2.0,0.0,2.0,2.0,0,0,1.0,1.0,0,0,1
JMAN_9034076,2023-02-03,0,1,0,0,0,1,0,0,0,17,0,0,1,0,Manufacturing & Resources,Oct-49,0,0,0,,,,,0,9,1,1,0.0,0,0,177.36,185.16,0.0,7.8,0.0,0.0,0.0,1,0,0,100,100,0,1.0,0.0,1.0,1.0,0,0,1.0,1.0,0,0,1
JMAN_9034498,2023-02-03,1,0,0,0,0,1,0,0,0,17,1,0,5,0,"Retail, Wholesale & Distribution",100 - 249,0,0,0,,,,,0,9,1,1,0.0,2,791,21204.12,22142.28,0.0,938.16,0.0,0.0,0.0,1,1,0,100,100,0,25.0,0.3,21.0,25.0,0,1,0.8,0.84,0,1,1
JMAN_9035932,2023-02-03,0,1,0,0,0,1,0,0,0,17,0,0,5,0,Consumer Services,Oct-49,0,0,0,,,,,0,0,0,0,20.0,0,104,1155.84,1178.28,0.0,22.44,0.0,0.0,0.0,1,0,0,100,100,0,5.0,0.0,5.0,5.0,0,0,1.0,1.0,0,0,1
JMAN_9036591,2023-02-03,0,1,0,0,1,1,0,0,0,17,1,0,1,0,Manufacturing & Resources,Oct-49,0,0,0,,,,,0,9,1,1,0.0,0,0,23377.68,23830.56,0.0,452.88,0.0,0.0,0.0,1,1,1,100,100,0,12.0,0.0,5.0,12.0,0,0,0.416666667,0.416666667,0,0,1
JMAN_9036732,2023-03-24,0,1,1,0,0,0,1,0,0,17,1,0,3,0,Financial Services,500 - 999,0,0,13,,,,,0,8,0,0,12.0,0,1403,22951.08,27175.08,4224.0,0.0,2732.923636,0.0,-280.92,1,1,0,-27990,100,0,19.0,0.368421053,19.0,19.0,0,1,1.0,1.0,0,0,1
JMAN_9038279,2023-01-13,0,1,0,1,0,1,0,0,0,14,1,0,7,0,"Retail, Wholesale & Distribution",5000+,0,100,44,100.0,0.0,10.0,5.0,0,0,0,0,13.0,0,133,176938.2,,-11002.8,-1736.04,1736.706958,-12739.56,0.0,1,1,1,100,100,0,102.0,0.037037037,80.0,101.0,0,1,0.794117647,0.792079208,1,0,1
JMAN_9038279,2023-01-20,0,1,0,1,0,1,0,0,0,14,1,0,7,0,"Retail, Wholesale & Distribution",5000+,0,100,50,100.0,0.0,10.0,5.0,0,0,0,0,13.0,0,126,177980.28,,-12044.88,-1736.04,694.6834286,-12739.56,0.0,1,1,1,100,100,0,105.0,0.083333333,81.0,101.0,0,1,0.8,0.801980198,0,1,1
JMAN_9038279,2023-01-27,0,1,0,1,0,1,0,0,0,14,1,0,7,0,"Retail, Wholesale & Distribution",5000+,0,100,57,100.0,0.0,10.0,5.0,0,0,0,0,13.0,0,123,178674.96,,-12739.56,-1736.04,0.0,-12739.56,0.0,1,1,1,100,100,0,107.0,0.05952381,81.0,101.0,1,0,0.785046729,0.801980198,0,1,1
JMAN_9038279,2023-02-03,0,1,0,1,0,1,0,0,0,15,1,0,7,0,"Retail, Wholesale & Distribution",5000+,0,100,50,100.0,0.0,10.0,5.0,0,0,0,0,14.0,0,118,180384.72,,-12739.56,-3445.8,0.0,-12739.56,0.0,1,1,1,100,100,0,107.0,0.083333333,81.0,101.0,0,1,0.785046729,0.801980198,0,1,1
JMAN_9038496,2023-02-03,1,0,0,0,0,1,0,0,0,17,1,0,1,0,Media & Entertainment,Oct-49,0,0,0,,,,,0,0,0,0,20.0,0,604,61281.36,62912.64,429.87,1201.41,0.0,0.0,-416.64,1,1,0,100,100,0,48.0,0.454545455,45.0,48.0,0,1,0.916666667,0.9375,0,1,1
JMAN_9039356,2023-02-10,0,1,1,0,0,0,1,0,0,16,1,0,4,0,Corporate Services,500 - 999,0,100,15,,,,,0,1,0,0,2.0,0,84,61944.0,74760.0,12816.0,0.0,12816.0,0.0,0.0,1,1,1,100,100,0,58.0,0.267857143,54.0,56.0,0,1,0.965517241,0.964285714,1,0,1
JMAN_9039356,2023-03-31,0,1,1,0,0,0,1,0,0,16,1,0,4,0,Corporate Services,500 - 999,0,100,15,,,,,0,2,0,0,3.0,0,68,68352.0,74760.0,6408.0,0.0,6408.0,0.0,0.0,1,1,1,100,100,0,58.0,0.275862069,58.0,58.0,0,1,1.0,1.0,0,0,1
JMAN_9039751,2023-02-03,0,1,1,0,0,1,0,0,0,17,1,0,4,0,Corporate Services,500 - 999,0,100,27,,,,,0,0,0,0,20.0,278,2530,362289.24,369306.84,0.0,7017.6,0.0,0.0,-77625.0,1,1,1,100,100,0,300.0,0.038596491,293.0,300.0,0,1,0.95,0.976666667,0,1,1
JMAN_9043399,2023-02-03,0,1,0,0,0,1,0,0,0,17,0,0,6,0,"Retail, Wholesale & Distribution",01-Sep,0,100,33,,,,,0,0,0,0,20.0,0,176,3558.6,3627.48,0.0,68.88,0.0,0.0,0.0,1,1,0,100,100,0,6.0,0.666666667,6.0,6.0,0,1,1.0,1.0,0,0,1
JMAN_9043466,2023-02-03,0,1,1,0,0,1,0,0,0,17,1,0,4,0,"Retail, Wholesale & Distribution",250 - 499,0,100,17,,,,,0,0,0,0,20.0,0,100,20923.08,21844.68,499.56,422.04,0.0,499.56,0.0,1,1,1,100,100,0,9.0,0.111111111,9.0,9.0,0,1,1.0,1.0,0,0,1
JMAN_9045452,2023-02-03,1,0,0,0,0,1,0,0,0,16,1,0,1,0,Consumer Services,100 - 249,0,50,67,,,,,1,0,0,0,20.0,0,106,34715.88,38009.64,2536.68,757.08,2536.666667,0.0,0.0,1,1,0,100,100,0,27.0,0.291666667,22.0,27.0,0,1,0.888888889,0.814814815,1,0,1
JMAN_9045968,2023-01-13,1,0,0,0,0,1,0,0,0,16,0,0,5,0,Financial Services,100 - 249,0,0,0,,,,,0,5,0,0,3.0,0,0,261.48,272.88,0.0,613.2,0.0,0.0,0.0,0,0,0,100,100,0,1.0,0.0,2.0,1.0,0,0,1.0,1.0,0,0,1
JMAN_9045968,2023-02-03,1,0,0,0,0,1,0,0,0,16,0,0,5,0,Financial Services,100 - 249,0,0,0,,,,,0,9,1,1,0.0,0,0,265.92,339.48,61.76,734.56,0.0,0.0,0.0,0,0,0,100,100,0,2.0,0.0,2.0,1.0,0,0,1.0,1.0,0,0,1
JMAN_9047481,2023-02-03,0,1,0,1,0,1,0,0,0,16,1,0,3,0,Manufacturing & Resources,5000+,0,0,0,,,,,0,0,0,0,20.0,0,19,6026.28,6143.04,0.0,160.56,0.0,0.0,0.0,1,1,0,100,100,0,8.0,0.0,6.0,8.0,0,1,0.75,0.75,0,0,1
JMAN_9047552,2023-02-03,0,1,0,0,0,1,0,0,0,16,0,0,5,0,Energy & Utilities,01-Sep,0,0,0,,,,,0,8,0,0,3.0,0,83,571.44,582.48,0.0,11.04,0.0,0.0,0.0,1,0,0,100,100,0,1.0,0.0,1.0,1.0,0,1,1.0,1.0,0,0,1
JMAN_9058679,2023-02-03,1,0,0,0,0,1,0,0,0,17,1,0,5,0,Technology,Oct-49,0,0,0,,,,,0,0,0,0,20.0,0,233,95750.76,5462.28,-88986.72,-1301.76,-58133.32333,-4706.4,0.0,1,1,1,100,100,0,36.0,0.027777778,36.0,36.0,0,1,1.0,1.0,0,0,1
JMAN_9075404,2023-02-03,0,1,0,1,0,1,0,0,0,16,1,0,5,0,Government,5000+,0,0,0,,,,,0,9,1,1,0.0,0,0,3491.04,3558.72,0.0,67.68,0.0,0.0,0.0,1,1,1,100,100,0,3.0,0.0,8.0,15.0,0,0,1.0,0.533333333,1,0,1
JMAN_9096433,2023-02-03,1,0,0,0,0,1,0,0,0,16,1,0,5,0,Energy & Utilities,Oct-49,0,100,100,,,,,0,0,0,0,14.0,0,148,13077.0,19472.76,5715.84,679.92,0.0,0.0,0.0,1,1,0,100,100,0,10.0,0.222222222,9.0,10.0,1,0,0.9,0.9,0,0,1
JMAN_9119221,2023-02-03,0,1,1,0,0,1,0,0,0,16,1,0,1,0,Technology,500 - 999,0,100,50,,,,,0,8,0,0,3.0,486,934,179123.16,290015.04,97448.28,15696.84,103276.4827,0.0,-399.12,1,1,1,100,100,0,135.0,0.282442748,130.0,135.0,0,1,0.97037037,0.962962963,1,0,1
JMAN_9119221,2023-03-03,0,1,1,0,0,1,0,0,0,16,1,0,1,0,Technology,500 - 999,0,100,22,,,,,1,7,0,0,4.0,552,957,261256.44,290015.04,12280.56,19677.48,11971.22049,0.0,-6685.2,1,1,1,1680,100,0,135.0,0.338345865,131.0,135.0,0,1,0.985185185,0.97037037,1,0,1
JMAN_9124812,2023-03-31,0,1,0,0,0,1,0,0,0,13,0,0,6,0,Consumer Services,01-Sep,0,100,50,,,,,0,8,0,0,4.0,0,0,319.2,319.2,0.0,0.0,0.0,0.0,0.0,1,0,0,100,100,0,2.0,0.0,1.0,1.0,0,0,0.5,1.0,0,1,1
JMAN_9129318,2023-02-03,0,1,1,0,0,1,0,0,0,16,1,0,1,0,Financial Services,250 - 499,0,100,4,,,,,0,0,0,0,20.0,30,744,144162.36,109223.28,-36307.56,1368.48,-36307.5827,0.0,0.0,1,1,1,100,100,0,74.0,0.525423729,71.0,74.0,1,0,0.797297297,0.959459459,0,1,1
JMAN_9142835,2023-03-31,0,1,1,0,0,0,1,0,0,14,1,0,1,0,Energy & Utilities,1000 - 4999,0,100,13,,,,,0,8,0,0,12.0,0,315,14849.4,14849.4,0.0,0.0,0.0,0.0,-0.6,1,1,1,40,100,0,10.0,0.3,10.0,10.0,0,1,1.0,1.0,0,0,1
JMAN_9182542,2023-03-31,0,1,0,0,0,0,1,0,0,16,0,0,1,0,Consumer Services,Oct-49,0,0,0,,,,,0,2,0,0,3.0,0,0,2100.0,2760.0,660.0,0.0,0.0,0.0,0.0,1,1,0,100,100,0,5.0,0.2,5.0,5.0,1,0,1.0,1.0,0,0,1
JMAN_9206753,2023-02-03,1,0,0,0,0,1,0,0,0,15,1,0,1,0,Financial Services,50 - 99,0,100,36,,,,,0,0,0,0,20.0,0,69,45002.04,45873.72,0.0,871.68,0.0,0.0,0.0,1,1,0,100,100,0,50.0,0.040816327,49.0,50.0,0,1,0.98,0.98,0,0,1
JMAN_9208195,2023-02-10,1,0,0,0,0,0,0,0,1,15,1,0,1,0,"Retail, Wholesale & Distribution",Oct-49,0,0,0,,,,,1,7,1,1,1.0,6,168,75600.0,90000.0,14400.0,0.0,14400.0,0.0,0.0,1,1,1,100,100,0,36.0,0.083333333,36.0,36.0,0,1,1.0,1.0,0,0,1
JMAN_9228504,2023-02-03,0,1,0,0,0,1,0,0,0,15,1,0,4,0,Technology,Oct-49,0,0,0,,,,,0,0,0,0,20.0,0,5,20728.32,21129.6,0.0,401.28,0.0,0.0,0.0,1,1,0,100,100,0,20.0,0.0,20.0,20.0,0,0,0.55,1.0,0,1,1
JMAN_9242624,2023-02-03,0,1,1,0,0,1,0,0,0,15,1,0,4,0,Corporate Services,250 - 499,0,0,0,,,,,0,0,0,0,14.0,0,280,26676.48,,-27175.92,499.44,0.0,-27175.92,0.0,1,1,1,100,100,0,13.0,0.0,10.0,13.0,0,1,0.769230769,0.769230769,0,0,1
JMAN_9259102,2023-03-24,1,0,0,0,0,0,0,0,1,15,0,0,5,0,Corporate Services,Oct-49,0,0,0,,,,,0,8,1,1,0.0,0,5,2112.0,2940.0,828.0,0.0,528.0,0.0,0.0,1,1,0,100,100,0,3.0,0.0,3.0,3.0,0,1,1.0,1.0,0,0,1
JMAN_9272385,2023-02-03,1,0,0,0,0,1,0,0,0,16,0,0,6,0,Financial Services,100 - 249,0,100,33,,,,,0,0,0,0,20.0,0,8,13949.04,20630.04,5958.24,734.56,0.0,0.0,0.0,1,1,0,100,100,0,11.0,0.090909091,11.0,11.0,1,0,1.0,1.0,0,0,1
JMAN_9309647,2023-01-13,1,0,0,0,0,0,0,0,1,14,1,0,3,0,"Retail, Wholesale & Distribution",Oct-49,0,100,50,,,,,0,6,0,0,4.0,0,65,19488.0,22272.0,2784.0,0.0,2784.0,0.0,0.0,1,1,0,100,100,0,28.0,0.0,22.0,22.0,0,1,0.821428571,1.0,0,1,1
JMAN_9309647,2023-02-17,1,0,0,0,0,0,0,0,1,15,1,0,3,0,"Retail, Wholesale & Distribution",Oct-49,0,100,50,,,,,0,11,0,0,5.0,0,51,20184.0,22272.0,2088.0,0.0,2088.0,0.0,0.0,1,1,0,100,100,0,29.0,0.0,28.0,28.0,0,1,0.965517241,1.0,0,1,1
JMAN_9325725,2023-02-03,0,1,1,0,0,1,0,0,0,14,0,0,1,0,Financial Services,250 - 499,0,0,0,,,,,0,0,0,0,14.0,0,117,1773.12,2083.08,222.48,87.48,222.465,0.0,0.0,1,0,0,100,100,0,8.0,0.0,8.0,8.0,0,0,1.0,1.0,0,0,1
JMAN_9391855,2023-02-03,0,1,0,0,1,1,0,0,0,14,1,0,3,0,Transportation,Oct-49,0,0,0,,,,,0,0,0,0,20.0,0,93,1773.12,1851.6,0.0,336.72,0.0,0.0,0.0,1,0,0,100,100,0,8.0,0.125,8.0,8.0,1,0,1.0,1.0,0,0,1
JMAN_9471486,2023-02-03,0,1,0,0,0,1,0,0,0,12,1,0,6,0,"Retail, Wholesale & Distribution",Oct-49,0,0,0,,,,,0,7,1,1,1.0,0,475,21277.92,2870.04,-18658.08,250.2,-14455.55192,-46.92,0.0,1,1,0,100,100,0,16.0,0.666666667,15.0,16.0,1,0,0.9375,0.9375,0,0,1
JMAN_9492699,2023-01-27,0,1,0,0,1,1,0,0,0,10,1,0,1,0,Manufacturing & Resources,Oct-49,0,0,0,,,,,0,0,0,0,13.0,0,70,19505.16,23954.52,3512.4,936.96,3512.291765,0.0,0.0,1,1,0,100,100,0,17.0,0.25,16.0,16.0,1,0,0.941176471,1.0,0,1,1
JMAN_9492699,2023-02-03,0,1,0,0,1,1,0,0,0,11,1,0,1,0,Manufacturing & Resources,Oct-49,0,0,0,,,,,0,0,0,0,14.0,2,63,19844.64,24379.68,3512.4,1022.64,3512.291765,0.0,0.0,1,1,0,100,100,0,17.0,0.0,16.0,16.0,0,1,1.0,1.0,0,0,1
JMAN_9492699,2023-02-10,0,1,0,0,1,1,0,0,0,11,1,0,1,0,Manufacturing & Resources,Oct-49,0,0,0,,,,,0,0,0,0,14.0,0,46,21012.0,24379.68,2345.04,1022.64,2344.96,0.0,0.0,1,1,0,100,100,0,17.0,0.0,16.0,16.0,0,1,1.0,1.0,0,0,1
JMAN_9524662,2023-02-03,0,1,0,0,0,1,0,0,0,13,0,0,1,0,"Retail, Wholesale & Distribution",01-Sep,0,100,18,,,,,0,8,0,0,3.0,0,300,4597.56,,-4612.68,15.12,-1541.16,-3071.52,0.0,1,0,0,100,100,0,6.0,0.8,5.0,6.0,0,0,0.833333333,0.833333333,0,0,1
JMAN_9552552,2023-02-03,0,1,0,0,0,1,0,0,0,13,0,0,5,1,Corporate Services,Oct-49,0,0,0,,,,,0,0,0,0,14.0,0,0,2389.8,,-2389.8,0.0,0.0,-2389.8,0.0,1,1,0,100,100,0,1.0,0.0,1.0,1.0,0,0,1.0,1.0,0,0,1
JMAN_9668954,2023-02-03,0,1,0,0,1,1,0,0,0,17,0,0,5,0,Energy & Utilities,250 - 499,0,0,0,,,,,0,0,0,0,14.0,0,59,3324.72,3471.84,0.0,323.52,0.0,0.0,0.0,1,0,0,100,100,0,15.0,0.0,15.0,15.0,0,1,1.0,1.0,0,0,1
JMAN_9746946,2023-02-03,0,1,0,1,0,1,0,0,0,16,1,0,3,0,Manufacturing & Resources,5000+,0,0,0,,,,,0,0,0,0,14.0,0,0,2259.84,2303.64,0.0,160.56,0.0,0.0,0.0,1,1,0,100,100,0,3.0,0.0,3.0,3.0,0,0,1.0,1.0,0,0,1
JMAN_9773302,2023-02-03,0,1,0,0,0,1,0,0,0,12,0,0,5,0,,01-Sep,0,0,0,,,,,0,9,1,1,0.0,0,1,116.88,145.68,26.04,2.76,0.0,0.0,0.0,0,0,0,100,100,0,1.0,0.0,1.0,1.0,0,0,1.0,1.0,0,0,1
JMAN_9806549,2023-02-03,0,1,0,1,0,1,0,0,0,11,0,0,5,0,Technology,100 - 249,0,0,0,,,,,0,8,0,0,3.0,0,0,441.6,450.12,0.0,68.04,0.0,0.0,0.0,1,1,1,100,100,0,1.0,1.0,1.0,1.0,1,0,1.0,1.0,0,0,1
JMAN_9827638,2023-01-20,1,0,0,0,0,0,0,0,1,8,1,0,1,0,Healthcare,50 - 99,0,100,20,,,,,0,9,0,0,6.0,1,46,28656.0,17510.04,-11145.96,0.0,-4776.0,0.0,0.0,1,1,1,100,100,0,11.0,0.0,10.0,11.0,0,1,1.0,0.909090909,1,0,1
JMAN_9897409,2023-02-03,0,1,0,0,0,1,0,0,0,11,1,0,3,0,Financial Services,Oct-49,0,100,13,,,,,0,0,0,0,20.0,0,135,10816.2,4875.96,-6274.44,334.2,0.0,-6274.44,0.0,1,1,0,100,100,0,8.0,0.333333333,6.0,8.0,1,0,0.75,0.75,0,0,1
JMAN_9926068,2023-02-03,1,0,0,0,0,1,0,0,0,11,0,0,1,0,Manufacturing & Resources,50 - 99,0,100,25,,,,,0,8,0,0,3.0,0,232,6130.2,6248.88,0.0,118.68,0.0,0.0,0.0,1,0,0,100,100,0,8.0,0.375,8.0,8.0,0,0,1.0,1.0,0,0,1
JMAN_9948637,2023-02-03,0,1,0,0,0,1,0,0,0,10,0,0,1,0,Technology,Oct-49,0,0,0,,-100.0,,6.0,0,9,1,1,0.0,0,0,64.92,79.44,13.08,1.44,0.0,0.0,0.0,0,0,0,100,100,0,1.0,0.0,1.0,1.0,0,0,1.0,1.0,0,0,1
